CREATE TABLE "NewUser_boughtitems" ("id" integer NOT NULL PRIMARY KEY AUTOINCREMENT, "item_name" integer NOT NULL, "item_quantity" integer NOT NULL, "user_id" integer NOT NULL REFERENCES "auth_user" ("id"));
INSERT INTO "NewUser_boughtitems" VALUES(1,1,5,1);
CREATE UNIQUE INDEX "auth_group_permissions_group_id_0cd325b0_uniq" ON "auth_group_permissions" ("group_id", "permission_id");
CREATE INDEX IF NOT EXISTS "auth_group_permissions_0e939a4f" ON "auth_group_permissions" ("group_id");
CREATE INDEX IF NOT EXISTS "auth_group_permissions_8373b171" ON "auth_group_permissions" ("permission_id");
CREATE UNIQUE INDEX "auth_user_groups_user_id_94350c0c_uniq" ON "auth_user_groups" ("user_id", "group_id");
CREATE INDEX IF NOT EXISTS "auth_user_groups_e8701ad4" ON "auth_user_groups" ("user_id");
CREATE INDEX IF NOT EXISTS "auth_user_groups_0e939a4f" ON "auth_user_groups" ("group_id");
CREATE UNIQUE INDEX "auth_user_user_permissions_user_id_14a6b632_uniq" ON "auth_user_user_permissions" ("user_id", "permission_id");
CREATE INDEX IF NOT EXISTS "auth_user_user_permissions_e8701ad4" ON "auth_user_user_permissions" ("user_id");
CREATE INDEX IF NOT EXISTS "auth_user_user_permissions_8373b171" ON "auth_user_user_permissions" ("permission_id");
CREATE INDEX IF NOT EXISTS "NewUser_boughtitems_e8701ad4" ON "NewUser_boughtitems" ("user_id");
CREATE INDEX IF NOT EXISTS "NewUser_boughtrecord_e8701ad4" ON "NewUser_boughtrecord" ("user_id");
CREATE INDEX IF NOT EXISTS "NewUser_qrcoderecord_e8701ad4" ON "NewUser_qrcoderecord" ("user_id");
CREATE INDEX IF NOT EXISTS "NewUser_qrcodestatus_e8701ad4" ON "NewUser_qrcodestatus" ("user_id");
CREATE INDEX IF NOT EXISTS "accounts_userprofile_e8701ad4" ON "accounts_userprofile" ("user_id");
CREATE INDEX IF NOT EXISTS "django_admin_log_417f1b1c" ON "django_admin_log" ("content_type_id");
CREATE INDEX IF NOT EXISTS "django_admin_log_e8701ad4" ON "django_admin_log" ("user_id");
CREATE UNIQUE INDEX "django_content_type_app_label_76bd3d3b_uniq" ON "django_content_type" ("app_label", "model");
CREATE UNIQUE INDEX "auth_permission_content_type_id_01ab375a_uniq" ON "auth_permission" ("content_type_id", "codename");
CREATE INDEX IF NOT EXISTS "auth_permission_417f1b1c" ON "auth_permission" ("content_type_id");
CREATE UNIQUE INDEX "email_confirm_la_emailconfirmation_content_type_id_1c2e34aa_uniq" ON "email_confirm_la_emailconfirmation" ("content_type_id", "object_id", "email_field_name");
CREATE INDEX IF NOT EXISTS "email_confirm_la_emailconfirmation_0c83f57c" ON "email_confirm_la_emailconfirmation" ("email");
CREATE INDEX IF NOT EXISTS "email_confirm_la_emailconfirmation_4d81671a" ON "email_confirm_la_emailconfirmation" ("send_at");
CREATE INDEX IF NOT EXISTS "email_confirm_la_emailconfirmation_417f1b1c" ON "email_confirm_la_emailconfirmation" ("content_type_id");
CREATE INDEX IF NOT EXISTS "django_session_de54fa62" ON "django_session" ("expire_date");
CREATE INDEX IF NOT EXISTS "django_cron_cronjoblog_c1336794" ON "django_cron_cronjoblog" ("code");
CREATE INDEX IF NOT EXISTS "django_cron_cronjoblog_c4d98dbd" ON "django_cron_cronjoblog" ("start_time");
CREATE INDEX IF NOT EXISTS "django_cron_cronjoblog_305d2889" ON "django_cron_cronjoblog" ("end_time");
CREATE INDEX IF NOT EXISTS "django_cron_cronjoblog_a05e4b70" ON "django_cron_cronjoblog" ("ran_at_time");
CREATE INDEX IF NOT EXISTS "django_cron_cronjoblog_code_84da9606_idx" ON "django_cron_cronjoblog" ("code", "is_success", "ran_at_time");
CREATE INDEX IF NOT EXISTS "django_cron_cronjoblog_code_8b50b8fa_idx" ON "django_cron_cronjoblog" ("code", "start_time", "ran_at_time");
CREATE INDEX IF NOT EXISTS "django_cron_cronjoblog_code_4fc78f9d_idx" ON "django_cron_cronjoblog" ("code", "start_time");
CREATE TABLE "NewUser_boughtrecord" ("id" integer NOT NULL PRIMARY KEY AUTOINCREMENT, "item_name" integer NOT NULL, "bought_time" datetime NOT NULL, "user_id" integer NOT NULL REFERENCES "auth_user" ("id"));
INSERT INTO "NewUser_boughtrecord" VALUES(1,1,'2017-03-09 09:20:59.612980',1);
INSERT INTO "NewUser_boughtrecord" VALUES(2,1,'2017-03-09 09:21:26.867068',1);
INSERT INTO "NewUser_boughtrecord" VALUES(3,1,'2017-03-09 10:22:29.189736',1);
INSERT INTO "NewUser_boughtrecord" VALUES(4,1,'2017-03-09 10:22:50.715473',1);
INSERT INTO "NewUser_boughtrecord" VALUES(5,1,'2017-03-09 10:23:08.905461',1);
CREATE UNIQUE INDEX "auth_group_permissions_group_id_0cd325b0_uniq" ON "auth_group_permissions" ("group_id", "permission_id");
CREATE INDEX IF NOT EXISTS "auth_group_permissions_0e939a4f" ON "auth_group_permissions" ("group_id");
CREATE INDEX IF NOT EXISTS "auth_group_permissions_8373b171" ON "auth_group_permissions" ("permission_id");
CREATE UNIQUE INDEX "auth_user_groups_user_id_94350c0c_uniq" ON "auth_user_groups" ("user_id", "group_id");
CREATE INDEX IF NOT EXISTS "auth_user_groups_e8701ad4" ON "auth_user_groups" ("user_id");
CREATE INDEX IF NOT EXISTS "auth_user_groups_0e939a4f" ON "auth_user_groups" ("group_id");
CREATE UNIQUE INDEX "auth_user_user_permissions_user_id_14a6b632_uniq" ON "auth_user_user_permissions" ("user_id", "permission_id");
CREATE INDEX IF NOT EXISTS "auth_user_user_permissions_e8701ad4" ON "auth_user_user_permissions" ("user_id");
CREATE INDEX IF NOT EXISTS "auth_user_user_permissions_8373b171" ON "auth_user_user_permissions" ("permission_id");
CREATE INDEX IF NOT EXISTS "NewUser_boughtitems_e8701ad4" ON "NewUser_boughtitems" ("user_id");
CREATE INDEX IF NOT EXISTS "NewUser_boughtrecord_e8701ad4" ON "NewUser_boughtrecord" ("user_id");
CREATE INDEX IF NOT EXISTS "NewUser_qrcoderecord_e8701ad4" ON "NewUser_qrcoderecord" ("user_id");
CREATE INDEX IF NOT EXISTS "NewUser_qrcodestatus_e8701ad4" ON "NewUser_qrcodestatus" ("user_id");
CREATE INDEX IF NOT EXISTS "accounts_userprofile_e8701ad4" ON "accounts_userprofile" ("user_id");
CREATE INDEX IF NOT EXISTS "django_admin_log_417f1b1c" ON "django_admin_log" ("content_type_id");
CREATE INDEX IF NOT EXISTS "django_admin_log_e8701ad4" ON "django_admin_log" ("user_id");
CREATE UNIQUE INDEX "django_content_type_app_label_76bd3d3b_uniq" ON "django_content_type" ("app_label", "model");
CREATE UNIQUE INDEX "auth_permission_content_type_id_01ab375a_uniq" ON "auth_permission" ("content_type_id", "codename");
CREATE INDEX IF NOT EXISTS "auth_permission_417f1b1c" ON "auth_permission" ("content_type_id");
CREATE UNIQUE INDEX "email_confirm_la_emailconfirmation_content_type_id_1c2e34aa_uniq" ON "email_confirm_la_emailconfirmation" ("content_type_id", "object_id", "email_field_name");
CREATE INDEX IF NOT EXISTS "email_confirm_la_emailconfirmation_0c83f57c" ON "email_confirm_la_emailconfirmation" ("email");
CREATE INDEX IF NOT EXISTS "email_confirm_la_emailconfirmation_4d81671a" ON "email_confirm_la_emailconfirmation" ("send_at");
CREATE INDEX IF NOT EXISTS "email_confirm_la_emailconfirmation_417f1b1c" ON "email_confirm_la_emailconfirmation" ("content_type_id");
CREATE INDEX IF NOT EXISTS "django_session_de54fa62" ON "django_session" ("expire_date");
CREATE INDEX IF NOT EXISTS "django_cron_cronjoblog_c1336794" ON "django_cron_cronjoblog" ("code");
CREATE INDEX IF NOT EXISTS "django_cron_cronjoblog_c4d98dbd" ON "django_cron_cronjoblog" ("start_time");
CREATE INDEX IF NOT EXISTS "django_cron_cronjoblog_305d2889" ON "django_cron_cronjoblog" ("end_time");
CREATE INDEX IF NOT EXISTS "django_cron_cronjoblog_a05e4b70" ON "django_cron_cronjoblog" ("ran_at_time");
CREATE INDEX IF NOT EXISTS "django_cron_cronjoblog_code_84da9606_idx" ON "django_cron_cronjoblog" ("code", "is_success", "ran_at_time");
CREATE INDEX IF NOT EXISTS "django_cron_cronjoblog_code_8b50b8fa_idx" ON "django_cron_cronjoblog" ("code", "start_time", "ran_at_time");
CREATE INDEX IF NOT EXISTS "django_cron_cronjoblog_code_4fc78f9d_idx" ON "django_cron_cronjoblog" ("code", "start_time");
CREATE TABLE "NewUser_itemlist" ("id" integer NOT NULL PRIMARY KEY AUTOINCREMENT, "name" varchar(100) NOT NULL, "price" integer NOT NULL, "remain" integer NOT NULL);
INSERT INTO "NewUser_itemlist" VALUES(1,'蛋糕',10,5);
INSERT INTO "NewUser_itemlist" VALUES(2,'餅乾',10,0);
CREATE UNIQUE INDEX "auth_group_permissions_group_id_0cd325b0_uniq" ON "auth_group_permissions" ("group_id", "permission_id");
CREATE INDEX IF NOT EXISTS "auth_group_permissions_0e939a4f" ON "auth_group_permissions" ("group_id");
CREATE INDEX IF NOT EXISTS "auth_group_permissions_8373b171" ON "auth_group_permissions" ("permission_id");
CREATE UNIQUE INDEX "auth_user_groups_user_id_94350c0c_uniq" ON "auth_user_groups" ("user_id", "group_id");
CREATE INDEX IF NOT EXISTS "auth_user_groups_e8701ad4" ON "auth_user_groups" ("user_id");
CREATE INDEX IF NOT EXISTS "auth_user_groups_0e939a4f" ON "auth_user_groups" ("group_id");
CREATE UNIQUE INDEX "auth_user_user_permissions_user_id_14a6b632_uniq" ON "auth_user_user_permissions" ("user_id", "permission_id");
CREATE INDEX IF NOT EXISTS "auth_user_user_permissions_e8701ad4" ON "auth_user_user_permissions" ("user_id");
CREATE INDEX IF NOT EXISTS "auth_user_user_permissions_8373b171" ON "auth_user_user_permissions" ("permission_id");
CREATE INDEX IF NOT EXISTS "NewUser_boughtitems_e8701ad4" ON "NewUser_boughtitems" ("user_id");
CREATE INDEX IF NOT EXISTS "NewUser_boughtrecord_e8701ad4" ON "NewUser_boughtrecord" ("user_id");
CREATE INDEX IF NOT EXISTS "NewUser_qrcoderecord_e8701ad4" ON "NewUser_qrcoderecord" ("user_id");
CREATE INDEX IF NOT EXISTS "NewUser_qrcodestatus_e8701ad4" ON "NewUser_qrcodestatus" ("user_id");
CREATE INDEX IF NOT EXISTS "accounts_userprofile_e8701ad4" ON "accounts_userprofile" ("user_id");
CREATE INDEX IF NOT EXISTS "django_admin_log_417f1b1c" ON "django_admin_log" ("content_type_id");
CREATE INDEX IF NOT EXISTS "django_admin_log_e8701ad4" ON "django_admin_log" ("user_id");
CREATE UNIQUE INDEX "django_content_type_app_label_76bd3d3b_uniq" ON "django_content_type" ("app_label", "model");
CREATE UNIQUE INDEX "auth_permission_content_type_id_01ab375a_uniq" ON "auth_permission" ("content_type_id", "codename");
CREATE INDEX IF NOT EXISTS "auth_permission_417f1b1c" ON "auth_permission" ("content_type_id");
CREATE UNIQUE INDEX "email_confirm_la_emailconfirmation_content_type_id_1c2e34aa_uniq" ON "email_confirm_la_emailconfirmation" ("content_type_id", "object_id", "email_field_name");
CREATE INDEX IF NOT EXISTS "email_confirm_la_emailconfirmation_0c83f57c" ON "email_confirm_la_emailconfirmation" ("email");
CREATE INDEX IF NOT EXISTS "email_confirm_la_emailconfirmation_4d81671a" ON "email_confirm_la_emailconfirmation" ("send_at");
CREATE INDEX IF NOT EXISTS "email_confirm_la_emailconfirmation_417f1b1c" ON "email_confirm_la_emailconfirmation" ("content_type_id");
CREATE INDEX IF NOT EXISTS "django_session_de54fa62" ON "django_session" ("expire_date");
CREATE INDEX IF NOT EXISTS "django_cron_cronjoblog_c1336794" ON "django_cron_cronjoblog" ("code");
CREATE INDEX IF NOT EXISTS "django_cron_cronjoblog_c4d98dbd" ON "django_cron_cronjoblog" ("start_time");
CREATE INDEX IF NOT EXISTS "django_cron_cronjoblog_305d2889" ON "django_cron_cronjoblog" ("end_time");
CREATE INDEX IF NOT EXISTS "django_cron_cronjoblog_a05e4b70" ON "django_cron_cronjoblog" ("ran_at_time");
CREATE INDEX IF NOT EXISTS "django_cron_cronjoblog_code_84da9606_idx" ON "django_cron_cronjoblog" ("code", "is_success", "ran_at_time");
CREATE INDEX IF NOT EXISTS "django_cron_cronjoblog_code_8b50b8fa_idx" ON "django_cron_cronjoblog" ("code", "start_time", "ran_at_time");
CREATE INDEX IF NOT EXISTS "django_cron_cronjoblog_code_4fc78f9d_idx" ON "django_cron_cronjoblog" ("code", "start_time");
CREATE TABLE "NewUser_qrcodelist" ("id" integer NOT NULL PRIMARY KEY AUTOINCREMENT, "code_content" varchar(40) NOT NULL UNIQUE);
INSERT INTO "NewUser_qrcodelist" VALUES(1,'PhysicsNight');
CREATE UNIQUE INDEX "auth_group_permissions_group_id_0cd325b0_uniq" ON "auth_group_permissions" ("group_id", "permission_id");
CREATE INDEX IF NOT EXISTS "auth_group_permissions_0e939a4f" ON "auth_group_permissions" ("group_id");
CREATE INDEX IF NOT EXISTS "auth_group_permissions_8373b171" ON "auth_group_permissions" ("permission_id");
CREATE UNIQUE INDEX "auth_user_groups_user_id_94350c0c_uniq" ON "auth_user_groups" ("user_id", "group_id");
CREATE INDEX IF NOT EXISTS "auth_user_groups_e8701ad4" ON "auth_user_groups" ("user_id");
CREATE INDEX IF NOT EXISTS "auth_user_groups_0e939a4f" ON "auth_user_groups" ("group_id");
CREATE UNIQUE INDEX "auth_user_user_permissions_user_id_14a6b632_uniq" ON "auth_user_user_permissions" ("user_id", "permission_id");
CREATE INDEX IF NOT EXISTS "auth_user_user_permissions_e8701ad4" ON "auth_user_user_permissions" ("user_id");
CREATE INDEX IF NOT EXISTS "auth_user_user_permissions_8373b171" ON "auth_user_user_permissions" ("permission_id");
CREATE INDEX IF NOT EXISTS "NewUser_boughtitems_e8701ad4" ON "NewUser_boughtitems" ("user_id");
CREATE INDEX IF NOT EXISTS "NewUser_boughtrecord_e8701ad4" ON "NewUser_boughtrecord" ("user_id");
CREATE INDEX IF NOT EXISTS "NewUser_qrcoderecord_e8701ad4" ON "NewUser_qrcoderecord" ("user_id");
CREATE INDEX IF NOT EXISTS "NewUser_qrcodestatus_e8701ad4" ON "NewUser_qrcodestatus" ("user_id");
CREATE INDEX IF NOT EXISTS "accounts_userprofile_e8701ad4" ON "accounts_userprofile" ("user_id");
CREATE INDEX IF NOT EXISTS "django_admin_log_417f1b1c" ON "django_admin_log" ("content_type_id");
CREATE INDEX IF NOT EXISTS "django_admin_log_e8701ad4" ON "django_admin_log" ("user_id");
CREATE UNIQUE INDEX "django_content_type_app_label_76bd3d3b_uniq" ON "django_content_type" ("app_label", "model");
CREATE UNIQUE INDEX "auth_permission_content_type_id_01ab375a_uniq" ON "auth_permission" ("content_type_id", "codename");
CREATE INDEX IF NOT EXISTS "auth_permission_417f1b1c" ON "auth_permission" ("content_type_id");
CREATE UNIQUE INDEX "email_confirm_la_emailconfirmation_content_type_id_1c2e34aa_uniq" ON "email_confirm_la_emailconfirmation" ("content_type_id", "object_id", "email_field_name");
CREATE INDEX IF NOT EXISTS "email_confirm_la_emailconfirmation_0c83f57c" ON "email_confirm_la_emailconfirmation" ("email");
CREATE INDEX IF NOT EXISTS "email_confirm_la_emailconfirmation_4d81671a" ON "email_confirm_la_emailconfirmation" ("send_at");
CREATE INDEX IF NOT EXISTS "email_confirm_la_emailconfirmation_417f1b1c" ON "email_confirm_la_emailconfirmation" ("content_type_id");
CREATE INDEX IF NOT EXISTS "django_session_de54fa62" ON "django_session" ("expire_date");
CREATE INDEX IF NOT EXISTS "django_cron_cronjoblog_c1336794" ON "django_cron_cronjoblog" ("code");
CREATE INDEX IF NOT EXISTS "django_cron_cronjoblog_c4d98dbd" ON "django_cron_cronjoblog" ("start_time");
CREATE INDEX IF NOT EXISTS "django_cron_cronjoblog_305d2889" ON "django_cron_cronjoblog" ("end_time");
CREATE INDEX IF NOT EXISTS "django_cron_cronjoblog_a05e4b70" ON "django_cron_cronjoblog" ("ran_at_time");
CREATE INDEX IF NOT EXISTS "django_cron_cronjoblog_code_84da9606_idx" ON "django_cron_cronjoblog" ("code", "is_success", "ran_at_time");
CREATE INDEX IF NOT EXISTS "django_cron_cronjoblog_code_8b50b8fa_idx" ON "django_cron_cronjoblog" ("code", "start_time", "ran_at_time");
CREATE INDEX IF NOT EXISTS "django_cron_cronjoblog_code_4fc78f9d_idx" ON "django_cron_cronjoblog" ("code", "start_time");
CREATE TABLE "NewUser_qrcoderecord" ("id" integer NOT NULL PRIMARY KEY AUTOINCREMENT, "code_content" varchar(40) NOT NULL, "time" datetime NOT NULL, "points_got" integer NOT NULL, "user_id" integer NOT NULL REFERENCES "auth_user" ("id"));
INSERT INTO "NewUser_qrcoderecord" VALUES(1,'HiWelcomeToPhysicsNight','2017-03-09 10:23:47.348573',33,1);
INSERT INTO "NewUser_qrcoderecord" VALUES(2,'HiWelcomeToPhysicsNight','2017-03-09 10:24:24.184789',32,1);
INSERT INTO "NewUser_qrcoderecord" VALUES(3,'HiWelcomeToPhysicsNight','2017-03-09 10:24:51.696294',41,1);
INSERT INTO "NewUser_qrcoderecord" VALUES(4,'HiWelcomeToPhysicsNight','2017-03-09 10:25:01.773476',10,1);
CREATE UNIQUE INDEX "auth_group_permissions_group_id_0cd325b0_uniq" ON "auth_group_permissions" ("group_id", "permission_id");
CREATE INDEX IF NOT EXISTS "auth_group_permissions_0e939a4f" ON "auth_group_permissions" ("group_id");
CREATE INDEX IF NOT EXISTS "auth_group_permissions_8373b171" ON "auth_group_permissions" ("permission_id");
CREATE UNIQUE INDEX "auth_user_groups_user_id_94350c0c_uniq" ON "auth_user_groups" ("user_id", "group_id");
CREATE INDEX IF NOT EXISTS "auth_user_groups_e8701ad4" ON "auth_user_groups" ("user_id");
CREATE INDEX IF NOT EXISTS "auth_user_groups_0e939a4f" ON "auth_user_groups" ("group_id");
CREATE UNIQUE INDEX "auth_user_user_permissions_user_id_14a6b632_uniq" ON "auth_user_user_permissions" ("user_id", "permission_id");
CREATE INDEX IF NOT EXISTS "auth_user_user_permissions_e8701ad4" ON "auth_user_user_permissions" ("user_id");
CREATE INDEX IF NOT EXISTS "auth_user_user_permissions_8373b171" ON "auth_user_user_permissions" ("permission_id");
CREATE INDEX IF NOT EXISTS "NewUser_boughtitems_e8701ad4" ON "NewUser_boughtitems" ("user_id");
CREATE INDEX IF NOT EXISTS "NewUser_boughtrecord_e8701ad4" ON "NewUser_boughtrecord" ("user_id");
CREATE INDEX IF NOT EXISTS "NewUser_qrcoderecord_e8701ad4" ON "NewUser_qrcoderecord" ("user_id");
CREATE INDEX IF NOT EXISTS "NewUser_qrcodestatus_e8701ad4" ON "NewUser_qrcodestatus" ("user_id");
CREATE INDEX IF NOT EXISTS "accounts_userprofile_e8701ad4" ON "accounts_userprofile" ("user_id");
CREATE INDEX IF NOT EXISTS "django_admin_log_417f1b1c" ON "django_admin_log" ("content_type_id");
CREATE INDEX IF NOT EXISTS "django_admin_log_e8701ad4" ON "django_admin_log" ("user_id");
CREATE UNIQUE INDEX "django_content_type_app_label_76bd3d3b_uniq" ON "django_content_type" ("app_label", "model");
CREATE UNIQUE INDEX "auth_permission_content_type_id_01ab375a_uniq" ON "auth_permission" ("content_type_id", "codename");
CREATE INDEX IF NOT EXISTS "auth_permission_417f1b1c" ON "auth_permission" ("content_type_id");
CREATE UNIQUE INDEX "email_confirm_la_emailconfirmation_content_type_id_1c2e34aa_uniq" ON "email_confirm_la_emailconfirmation" ("content_type_id", "object_id", "email_field_name");
CREATE INDEX IF NOT EXISTS "email_confirm_la_emailconfirmation_0c83f57c" ON "email_confirm_la_emailconfirmation" ("email");
CREATE INDEX IF NOT EXISTS "email_confirm_la_emailconfirmation_4d81671a" ON "email_confirm_la_emailconfirmation" ("send_at");
CREATE INDEX IF NOT EXISTS "email_confirm_la_emailconfirmation_417f1b1c" ON "email_confirm_la_emailconfirmation" ("content_type_id");
CREATE INDEX IF NOT EXISTS "django_session_de54fa62" ON "django_session" ("expire_date");
CREATE INDEX IF NOT EXISTS "django_cron_cronjoblog_c1336794" ON "django_cron_cronjoblog" ("code");
CREATE INDEX IF NOT EXISTS "django_cron_cronjoblog_c4d98dbd" ON "django_cron_cronjoblog" ("start_time");
CREATE INDEX IF NOT EXISTS "django_cron_cronjoblog_305d2889" ON "django_cron_cronjoblog" ("end_time");
CREATE INDEX IF NOT EXISTS "django_cron_cronjoblog_a05e4b70" ON "django_cron_cronjoblog" ("ran_at_time");
CREATE INDEX IF NOT EXISTS "django_cron_cronjoblog_code_84da9606_idx" ON "django_cron_cronjoblog" ("code", "is_success", "ran_at_time");
CREATE INDEX IF NOT EXISTS "django_cron_cronjoblog_code_8b50b8fa_idx" ON "django_cron_cronjoblog" ("code", "start_time", "ran_at_time");
CREATE INDEX IF NOT EXISTS "django_cron_cronjoblog_code_4fc78f9d_idx" ON "django_cron_cronjoblog" ("code", "start_time");
CREATE TABLE "NewUser_qrcodestatus" ("id" integer NOT NULL PRIMARY KEY AUTOINCREMENT, "code" varchar(40) NOT NULL UNIQUE, "last_read" datetime NOT NULL, "user_id" integer NOT NULL REFERENCES "auth_user" ("id"));
INSERT INTO "NewUser_qrcodestatus" VALUES(1,'HiWelcomeToPhysicsNight','2017-03-09 10:25:01.768174',1);
CREATE UNIQUE INDEX "auth_group_permissions_group_id_0cd325b0_uniq" ON "auth_group_permissions" ("group_id", "permission_id");
CREATE INDEX IF NOT EXISTS "auth_group_permissions_0e939a4f" ON "auth_group_permissions" ("group_id");
CREATE INDEX IF NOT EXISTS "auth_group_permissions_8373b171" ON "auth_group_permissions" ("permission_id");
CREATE UNIQUE INDEX "auth_user_groups_user_id_94350c0c_uniq" ON "auth_user_groups" ("user_id", "group_id");
CREATE INDEX IF NOT EXISTS "auth_user_groups_e8701ad4" ON "auth_user_groups" ("user_id");
CREATE INDEX IF NOT EXISTS "auth_user_groups_0e939a4f" ON "auth_user_groups" ("group_id");
CREATE UNIQUE INDEX "auth_user_user_permissions_user_id_14a6b632_uniq" ON "auth_user_user_permissions" ("user_id", "permission_id");
CREATE INDEX IF NOT EXISTS "auth_user_user_permissions_e8701ad4" ON "auth_user_user_permissions" ("user_id");
CREATE INDEX IF NOT EXISTS "auth_user_user_permissions_8373b171" ON "auth_user_user_permissions" ("permission_id");
CREATE INDEX IF NOT EXISTS "NewUser_boughtitems_e8701ad4" ON "NewUser_boughtitems" ("user_id");
CREATE INDEX IF NOT EXISTS "NewUser_boughtrecord_e8701ad4" ON "NewUser_boughtrecord" ("user_id");
CREATE INDEX IF NOT EXISTS "NewUser_qrcoderecord_e8701ad4" ON "NewUser_qrcoderecord" ("user_id");
CREATE INDEX IF NOT EXISTS "NewUser_qrcodestatus_e8701ad4" ON "NewUser_qrcodestatus" ("user_id");
CREATE INDEX IF NOT EXISTS "accounts_userprofile_e8701ad4" ON "accounts_userprofile" ("user_id");
CREATE INDEX IF NOT EXISTS "django_admin_log_417f1b1c" ON "django_admin_log" ("content_type_id");
CREATE INDEX IF NOT EXISTS "django_admin_log_e8701ad4" ON "django_admin_log" ("user_id");
CREATE UNIQUE INDEX "django_content_type_app_label_76bd3d3b_uniq" ON "django_content_type" ("app_label", "model");
CREATE UNIQUE INDEX "auth_permission_content_type_id_01ab375a_uniq" ON "auth_permission" ("content_type_id", "codename");
CREATE INDEX IF NOT EXISTS "auth_permission_417f1b1c" ON "auth_permission" ("content_type_id");
CREATE UNIQUE INDEX "email_confirm_la_emailconfirmation_content_type_id_1c2e34aa_uniq" ON "email_confirm_la_emailconfirmation" ("content_type_id", "object_id", "email_field_name");
CREATE INDEX IF NOT EXISTS "email_confirm_la_emailconfirmation_0c83f57c" ON "email_confirm_la_emailconfirmation" ("email");
CREATE INDEX IF NOT EXISTS "email_confirm_la_emailconfirmation_4d81671a" ON "email_confirm_la_emailconfirmation" ("send_at");
CREATE INDEX IF NOT EXISTS "email_confirm_la_emailconfirmation_417f1b1c" ON "email_confirm_la_emailconfirmation" ("content_type_id");
CREATE INDEX IF NOT EXISTS "django_session_de54fa62" ON "django_session" ("expire_date");
CREATE INDEX IF NOT EXISTS "django_cron_cronjoblog_c1336794" ON "django_cron_cronjoblog" ("code");
CREATE INDEX IF NOT EXISTS "django_cron_cronjoblog_c4d98dbd" ON "django_cron_cronjoblog" ("start_time");
CREATE INDEX IF NOT EXISTS "django_cron_cronjoblog_305d2889" ON "django_cron_cronjoblog" ("end_time");
CREATE INDEX IF NOT EXISTS "django_cron_cronjoblog_a05e4b70" ON "django_cron_cronjoblog" ("ran_at_time");
CREATE INDEX IF NOT EXISTS "django_cron_cronjoblog_code_84da9606_idx" ON "django_cron_cronjoblog" ("code", "is_success", "ran_at_time");
CREATE INDEX IF NOT EXISTS "django_cron_cronjoblog_code_8b50b8fa_idx" ON "django_cron_cronjoblog" ("code", "start_time", "ran_at_time");
CREATE INDEX IF NOT EXISTS "django_cron_cronjoblog_code_4fc78f9d_idx" ON "django_cron_cronjoblog" ("code", "start_time");
CREATE TABLE "accounts_userprofile" ("id" integer NOT NULL PRIMARY KEY AUTOINCREMENT, "usable_points" integer NOT NULL, "user_id" integer NOT NULL REFERENCES "auth_user" ("id"));
INSERT INTO "accounts_userprofile" VALUES(1,1066,1);
CREATE UNIQUE INDEX "auth_group_permissions_group_id_0cd325b0_uniq" ON "auth_group_permissions" ("group_id", "permission_id");
CREATE INDEX IF NOT EXISTS "auth_group_permissions_0e939a4f" ON "auth_group_permissions" ("group_id");
CREATE INDEX IF NOT EXISTS "auth_group_permissions_8373b171" ON "auth_group_permissions" ("permission_id");
CREATE UNIQUE INDEX "auth_user_groups_user_id_94350c0c_uniq" ON "auth_user_groups" ("user_id", "group_id");
CREATE INDEX IF NOT EXISTS "auth_user_groups_e8701ad4" ON "auth_user_groups" ("user_id");
CREATE INDEX IF NOT EXISTS "auth_user_groups_0e939a4f" ON "auth_user_groups" ("group_id");
CREATE UNIQUE INDEX "auth_user_user_permissions_user_id_14a6b632_uniq" ON "auth_user_user_permissions" ("user_id", "permission_id");
CREATE INDEX IF NOT EXISTS "auth_user_user_permissions_e8701ad4" ON "auth_user_user_permissions" ("user_id");
CREATE INDEX IF NOT EXISTS "auth_user_user_permissions_8373b171" ON "auth_user_user_permissions" ("permission_id");
CREATE INDEX IF NOT EXISTS "NewUser_boughtitems_e8701ad4" ON "NewUser_boughtitems" ("user_id");
CREATE INDEX IF NOT EXISTS "NewUser_boughtrecord_e8701ad4" ON "NewUser_boughtrecord" ("user_id");
CREATE INDEX IF NOT EXISTS "NewUser_qrcoderecord_e8701ad4" ON "NewUser_qrcoderecord" ("user_id");
CREATE INDEX IF NOT EXISTS "NewUser_qrcodestatus_e8701ad4" ON "NewUser_qrcodestatus" ("user_id");
CREATE INDEX IF NOT EXISTS "accounts_userprofile_e8701ad4" ON "accounts_userprofile" ("user_id");
CREATE INDEX IF NOT EXISTS "django_admin_log_417f1b1c" ON "django_admin_log" ("content_type_id");
CREATE INDEX IF NOT EXISTS "django_admin_log_e8701ad4" ON "django_admin_log" ("user_id");
CREATE UNIQUE INDEX "django_content_type_app_label_76bd3d3b_uniq" ON "django_content_type" ("app_label", "model");
CREATE UNIQUE INDEX "auth_permission_content_type_id_01ab375a_uniq" ON "auth_permission" ("content_type_id", "codename");
CREATE INDEX IF NOT EXISTS "auth_permission_417f1b1c" ON "auth_permission" ("content_type_id");
CREATE UNIQUE INDEX "email_confirm_la_emailconfirmation_content_type_id_1c2e34aa_uniq" ON "email_confirm_la_emailconfirmation" ("content_type_id", "object_id", "email_field_name");
CREATE INDEX IF NOT EXISTS "email_confirm_la_emailconfirmation_0c83f57c" ON "email_confirm_la_emailconfirmation" ("email");
CREATE INDEX IF NOT EXISTS "email_confirm_la_emailconfirmation_4d81671a" ON "email_confirm_la_emailconfirmation" ("send_at");
CREATE INDEX IF NOT EXISTS "email_confirm_la_emailconfirmation_417f1b1c" ON "email_confirm_la_emailconfirmation" ("content_type_id");
CREATE INDEX IF NOT EXISTS "django_session_de54fa62" ON "django_session" ("expire_date");
CREATE INDEX IF NOT EXISTS "django_cron_cronjoblog_c1336794" ON "django_cron_cronjoblog" ("code");
CREATE INDEX IF NOT EXISTS "django_cron_cronjoblog_c4d98dbd" ON "django_cron_cronjoblog" ("start_time");
CREATE INDEX IF NOT EXISTS "django_cron_cronjoblog_305d2889" ON "django_cron_cronjoblog" ("end_time");
CREATE INDEX IF NOT EXISTS "django_cron_cronjoblog_a05e4b70" ON "django_cron_cronjoblog" ("ran_at_time");
CREATE INDEX IF NOT EXISTS "django_cron_cronjoblog_code_84da9606_idx" ON "django_cron_cronjoblog" ("code", "is_success", "ran_at_time");
CREATE INDEX IF NOT EXISTS "django_cron_cronjoblog_code_8b50b8fa_idx" ON "django_cron_cronjoblog" ("code", "start_time", "ran_at_time");
CREATE INDEX IF NOT EXISTS "django_cron_cronjoblog_code_4fc78f9d_idx" ON "django_cron_cronjoblog" ("code", "start_time");
CREATE TABLE "auth_group" ("id" integer NOT NULL PRIMARY KEY AUTOINCREMENT, "name" varchar(80) NOT NULL UNIQUE);
CREATE UNIQUE INDEX "auth_group_permissions_group_id_0cd325b0_uniq" ON "auth_group_permissions" ("group_id", "permission_id");
CREATE INDEX IF NOT EXISTS "auth_group_permissions_0e939a4f" ON "auth_group_permissions" ("group_id");
CREATE INDEX IF NOT EXISTS "auth_group_permissions_8373b171" ON "auth_group_permissions" ("permission_id");
CREATE UNIQUE INDEX "auth_user_groups_user_id_94350c0c_uniq" ON "auth_user_groups" ("user_id", "group_id");
CREATE INDEX IF NOT EXISTS "auth_user_groups_e8701ad4" ON "auth_user_groups" ("user_id");
CREATE INDEX IF NOT EXISTS "auth_user_groups_0e939a4f" ON "auth_user_groups" ("group_id");
CREATE UNIQUE INDEX "auth_user_user_permissions_user_id_14a6b632_uniq" ON "auth_user_user_permissions" ("user_id", "permission_id");
CREATE INDEX IF NOT EXISTS "auth_user_user_permissions_e8701ad4" ON "auth_user_user_permissions" ("user_id");
CREATE INDEX IF NOT EXISTS "auth_user_user_permissions_8373b171" ON "auth_user_user_permissions" ("permission_id");
CREATE INDEX IF NOT EXISTS "NewUser_boughtitems_e8701ad4" ON "NewUser_boughtitems" ("user_id");
CREATE INDEX IF NOT EXISTS "NewUser_boughtrecord_e8701ad4" ON "NewUser_boughtrecord" ("user_id");
CREATE INDEX IF NOT EXISTS "NewUser_qrcoderecord_e8701ad4" ON "NewUser_qrcoderecord" ("user_id");
CREATE INDEX IF NOT EXISTS "NewUser_qrcodestatus_e8701ad4" ON "NewUser_qrcodestatus" ("user_id");
CREATE INDEX IF NOT EXISTS "accounts_userprofile_e8701ad4" ON "accounts_userprofile" ("user_id");
CREATE INDEX IF NOT EXISTS "django_admin_log_417f1b1c" ON "django_admin_log" ("content_type_id");
CREATE INDEX IF NOT EXISTS "django_admin_log_e8701ad4" ON "django_admin_log" ("user_id");
CREATE UNIQUE INDEX "django_content_type_app_label_76bd3d3b_uniq" ON "django_content_type" ("app_label", "model");
CREATE UNIQUE INDEX "auth_permission_content_type_id_01ab375a_uniq" ON "auth_permission" ("content_type_id", "codename");
CREATE INDEX IF NOT EXISTS "auth_permission_417f1b1c" ON "auth_permission" ("content_type_id");
CREATE UNIQUE INDEX "email_confirm_la_emailconfirmation_content_type_id_1c2e34aa_uniq" ON "email_confirm_la_emailconfirmation" ("content_type_id", "object_id", "email_field_name");
CREATE INDEX IF NOT EXISTS "email_confirm_la_emailconfirmation_0c83f57c" ON "email_confirm_la_emailconfirmation" ("email");
CREATE INDEX IF NOT EXISTS "email_confirm_la_emailconfirmation_4d81671a" ON "email_confirm_la_emailconfirmation" ("send_at");
CREATE INDEX IF NOT EXISTS "email_confirm_la_emailconfirmation_417f1b1c" ON "email_confirm_la_emailconfirmation" ("content_type_id");
CREATE INDEX IF NOT EXISTS "django_session_de54fa62" ON "django_session" ("expire_date");
CREATE INDEX IF NOT EXISTS "django_cron_cronjoblog_c1336794" ON "django_cron_cronjoblog" ("code");
CREATE INDEX IF NOT EXISTS "django_cron_cronjoblog_c4d98dbd" ON "django_cron_cronjoblog" ("start_time");
CREATE INDEX IF NOT EXISTS "django_cron_cronjoblog_305d2889" ON "django_cron_cronjoblog" ("end_time");
CREATE INDEX IF NOT EXISTS "django_cron_cronjoblog_a05e4b70" ON "django_cron_cronjoblog" ("ran_at_time");
CREATE INDEX IF NOT EXISTS "django_cron_cronjoblog_code_84da9606_idx" ON "django_cron_cronjoblog" ("code", "is_success", "ran_at_time");
CREATE INDEX IF NOT EXISTS "django_cron_cronjoblog_code_8b50b8fa_idx" ON "django_cron_cronjoblog" ("code", "start_time", "ran_at_time");
CREATE INDEX IF NOT EXISTS "django_cron_cronjoblog_code_4fc78f9d_idx" ON "django_cron_cronjoblog" ("code", "start_time");
CREATE TABLE "auth_group_permissions" ("id" integer NOT NULL PRIMARY KEY AUTOINCREMENT, "group_id" integer NOT NULL REFERENCES "auth_group" ("id"), "permission_id" integer NOT NULL REFERENCES "auth_permission" ("id"));
CREATE UNIQUE INDEX "auth_group_permissions_group_id_0cd325b0_uniq" ON "auth_group_permissions" ("group_id", "permission_id");
CREATE INDEX IF NOT EXISTS "auth_group_permissions_0e939a4f" ON "auth_group_permissions" ("group_id");
CREATE INDEX IF NOT EXISTS "auth_group_permissions_8373b171" ON "auth_group_permissions" ("permission_id");
CREATE UNIQUE INDEX "auth_user_groups_user_id_94350c0c_uniq" ON "auth_user_groups" ("user_id", "group_id");
CREATE INDEX IF NOT EXISTS "auth_user_groups_e8701ad4" ON "auth_user_groups" ("user_id");
CREATE INDEX IF NOT EXISTS "auth_user_groups_0e939a4f" ON "auth_user_groups" ("group_id");
CREATE UNIQUE INDEX "auth_user_user_permissions_user_id_14a6b632_uniq" ON "auth_user_user_permissions" ("user_id", "permission_id");
CREATE INDEX IF NOT EXISTS "auth_user_user_permissions_e8701ad4" ON "auth_user_user_permissions" ("user_id");
CREATE INDEX IF NOT EXISTS "auth_user_user_permissions_8373b171" ON "auth_user_user_permissions" ("permission_id");
CREATE INDEX IF NOT EXISTS "NewUser_boughtitems_e8701ad4" ON "NewUser_boughtitems" ("user_id");
CREATE INDEX IF NOT EXISTS "NewUser_boughtrecord_e8701ad4" ON "NewUser_boughtrecord" ("user_id");
CREATE INDEX IF NOT EXISTS "NewUser_qrcoderecord_e8701ad4" ON "NewUser_qrcoderecord" ("user_id");
CREATE INDEX IF NOT EXISTS "NewUser_qrcodestatus_e8701ad4" ON "NewUser_qrcodestatus" ("user_id");
CREATE INDEX IF NOT EXISTS "accounts_userprofile_e8701ad4" ON "accounts_userprofile" ("user_id");
CREATE INDEX IF NOT EXISTS "django_admin_log_417f1b1c" ON "django_admin_log" ("content_type_id");
CREATE INDEX IF NOT EXISTS "django_admin_log_e8701ad4" ON "django_admin_log" ("user_id");
CREATE UNIQUE INDEX "django_content_type_app_label_76bd3d3b_uniq" ON "django_content_type" ("app_label", "model");
CREATE UNIQUE INDEX "auth_permission_content_type_id_01ab375a_uniq" ON "auth_permission" ("content_type_id", "codename");
CREATE INDEX IF NOT EXISTS "auth_permission_417f1b1c" ON "auth_permission" ("content_type_id");
CREATE UNIQUE INDEX "email_confirm_la_emailconfirmation_content_type_id_1c2e34aa_uniq" ON "email_confirm_la_emailconfirmation" ("content_type_id", "object_id", "email_field_name");
CREATE INDEX IF NOT EXISTS "email_confirm_la_emailconfirmation_0c83f57c" ON "email_confirm_la_emailconfirmation" ("email");
CREATE INDEX IF NOT EXISTS "email_confirm_la_emailconfirmation_4d81671a" ON "email_confirm_la_emailconfirmation" ("send_at");
CREATE INDEX IF NOT EXISTS "email_confirm_la_emailconfirmation_417f1b1c" ON "email_confirm_la_emailconfirmation" ("content_type_id");
CREATE INDEX IF NOT EXISTS "django_session_de54fa62" ON "django_session" ("expire_date");
CREATE INDEX IF NOT EXISTS "django_cron_cronjoblog_c1336794" ON "django_cron_cronjoblog" ("code");
CREATE INDEX IF NOT EXISTS "django_cron_cronjoblog_c4d98dbd" ON "django_cron_cronjoblog" ("start_time");
CREATE INDEX IF NOT EXISTS "django_cron_cronjoblog_305d2889" ON "django_cron_cronjoblog" ("end_time");
CREATE INDEX IF NOT EXISTS "django_cron_cronjoblog_a05e4b70" ON "django_cron_cronjoblog" ("ran_at_time");
CREATE INDEX IF NOT EXISTS "django_cron_cronjoblog_code_84da9606_idx" ON "django_cron_cronjoblog" ("code", "is_success", "ran_at_time");
CREATE INDEX IF NOT EXISTS "django_cron_cronjoblog_code_8b50b8fa_idx" ON "django_cron_cronjoblog" ("code", "start_time", "ran_at_time");
CREATE INDEX IF NOT EXISTS "django_cron_cronjoblog_code_4fc78f9d_idx" ON "django_cron_cronjoblog" ("code", "start_time");
CREATE TABLE "auth_permission" ("id" integer NOT NULL PRIMARY KEY AUTOINCREMENT, "content_type_id" integer NOT NULL REFERENCES "django_content_type" ("id"), "codename" varchar(100) NOT NULL, "name" varchar(255) NOT NULL);
INSERT INTO "auth_permission" VALUES(1,1,'add_userprofile','Can add user profile');
INSERT INTO "auth_permission" VALUES(2,1,'change_userprofile','Can change user profile');
INSERT INTO "auth_permission" VALUES(3,1,'delete_userprofile','Can delete user profile');
INSERT INTO "auth_permission" VALUES(4,2,'add_itemlist','Can add item list');
INSERT INTO "auth_permission" VALUES(5,2,'change_itemlist','Can change item list');
INSERT INTO "auth_permission" VALUES(6,2,'delete_itemlist','Can delete item list');
INSERT INTO "auth_permission" VALUES(7,3,'add_qrcodelist','Can add q rcode list');
INSERT INTO "auth_permission" VALUES(8,3,'change_qrcodelist','Can change q rcode list');
INSERT INTO "auth_permission" VALUES(9,3,'delete_qrcodelist','Can delete q rcode list');
INSERT INTO "auth_permission" VALUES(10,4,'add_qrcodestatus','Can add q rcode status');
INSERT INTO "auth_permission" VALUES(11,4,'change_qrcodestatus','Can change q rcode status');
INSERT INTO "auth_permission" VALUES(12,4,'delete_qrcodestatus','Can delete q rcode status');
INSERT INTO "auth_permission" VALUES(13,5,'add_qrcoderecord','Can add qr code record');
INSERT INTO "auth_permission" VALUES(14,5,'change_qrcoderecord','Can change qr code record');
INSERT INTO "auth_permission" VALUES(15,5,'delete_qrcoderecord','Can delete qr code record');
INSERT INTO "auth_permission" VALUES(16,6,'add_boughtitems','Can add bought items');
INSERT INTO "auth_permission" VALUES(17,6,'change_boughtitems','Can change bought items');
INSERT INTO "auth_permission" VALUES(18,6,'delete_boughtitems','Can delete bought items');
INSERT INTO "auth_permission" VALUES(19,7,'add_boughtrecord','Can add bought record');
INSERT INTO "auth_permission" VALUES(20,7,'change_boughtrecord','Can change bought record');
INSERT INTO "auth_permission" VALUES(21,7,'delete_boughtrecord','Can delete bought record');
INSERT INTO "auth_permission" VALUES(22,8,'add_emailconfirmation','Can add Email confirmation');
INSERT INTO "auth_permission" VALUES(23,8,'change_emailconfirmation','Can change Email confirmation');
INSERT INTO "auth_permission" VALUES(24,8,'delete_emailconfirmation','Can delete Email confirmation');
INSERT INTO "auth_permission" VALUES(25,9,'add_logentry','Can add log entry');
INSERT INTO "auth_permission" VALUES(26,9,'change_logentry','Can change log entry');
INSERT INTO "auth_permission" VALUES(27,9,'delete_logentry','Can delete log entry');
INSERT INTO "auth_permission" VALUES(28,10,'add_user','Can add user');
INSERT INTO "auth_permission" VALUES(29,10,'change_user','Can change user');
INSERT INTO "auth_permission" VALUES(30,10,'delete_user','Can delete user');
INSERT INTO "auth_permission" VALUES(31,11,'add_permission','Can add permission');
INSERT INTO "auth_permission" VALUES(32,11,'change_permission','Can change permission');
INSERT INTO "auth_permission" VALUES(33,11,'delete_permission','Can delete permission');
INSERT INTO "auth_permission" VALUES(34,12,'add_group','Can add group');
INSERT INTO "auth_permission" VALUES(35,12,'change_group','Can change group');
INSERT INTO "auth_permission" VALUES(36,12,'delete_group','Can delete group');
INSERT INTO "auth_permission" VALUES(37,13,'add_contenttype','Can add content type');
INSERT INTO "auth_permission" VALUES(38,13,'change_contenttype','Can change content type');
INSERT INTO "auth_permission" VALUES(39,13,'delete_contenttype','Can delete content type');
INSERT INTO "auth_permission" VALUES(40,14,'add_session','Can add session');
INSERT INTO "auth_permission" VALUES(41,14,'change_session','Can change session');
INSERT INTO "auth_permission" VALUES(42,14,'delete_session','Can delete session');
INSERT INTO "auth_permission" VALUES(43,15,'add_cronjoblog','Can add cron job log');
INSERT INTO "auth_permission" VALUES(44,15,'change_cronjoblog','Can change cron job log');
INSERT INTO "auth_permission" VALUES(45,15,'delete_cronjoblog','Can delete cron job log');
CREATE UNIQUE INDEX "auth_group_permissions_group_id_0cd325b0_uniq" ON "auth_group_permissions" ("group_id", "permission_id");
CREATE INDEX IF NOT EXISTS "auth_group_permissions_0e939a4f" ON "auth_group_permissions" ("group_id");
CREATE INDEX IF NOT EXISTS "auth_group_permissions_8373b171" ON "auth_group_permissions" ("permission_id");
CREATE UNIQUE INDEX "auth_user_groups_user_id_94350c0c_uniq" ON "auth_user_groups" ("user_id", "group_id");
CREATE INDEX IF NOT EXISTS "auth_user_groups_e8701ad4" ON "auth_user_groups" ("user_id");
CREATE INDEX IF NOT EXISTS "auth_user_groups_0e939a4f" ON "auth_user_groups" ("group_id");
CREATE UNIQUE INDEX "auth_user_user_permissions_user_id_14a6b632_uniq" ON "auth_user_user_permissions" ("user_id", "permission_id");
CREATE INDEX IF NOT EXISTS "auth_user_user_permissions_e8701ad4" ON "auth_user_user_permissions" ("user_id");
CREATE INDEX IF NOT EXISTS "auth_user_user_permissions_8373b171" ON "auth_user_user_permissions" ("permission_id");
CREATE INDEX IF NOT EXISTS "NewUser_boughtitems_e8701ad4" ON "NewUser_boughtitems" ("user_id");
CREATE INDEX IF NOT EXISTS "NewUser_boughtrecord_e8701ad4" ON "NewUser_boughtrecord" ("user_id");
CREATE INDEX IF NOT EXISTS "NewUser_qrcoderecord_e8701ad4" ON "NewUser_qrcoderecord" ("user_id");
CREATE INDEX IF NOT EXISTS "NewUser_qrcodestatus_e8701ad4" ON "NewUser_qrcodestatus" ("user_id");
CREATE INDEX IF NOT EXISTS "accounts_userprofile_e8701ad4" ON "accounts_userprofile" ("user_id");
CREATE INDEX IF NOT EXISTS "django_admin_log_417f1b1c" ON "django_admin_log" ("content_type_id");
CREATE INDEX IF NOT EXISTS "django_admin_log_e8701ad4" ON "django_admin_log" ("user_id");
CREATE UNIQUE INDEX "django_content_type_app_label_76bd3d3b_uniq" ON "django_content_type" ("app_label", "model");
CREATE UNIQUE INDEX "auth_permission_content_type_id_01ab375a_uniq" ON "auth_permission" ("content_type_id", "codename");
CREATE INDEX IF NOT EXISTS "auth_permission_417f1b1c" ON "auth_permission" ("content_type_id");
CREATE UNIQUE INDEX "email_confirm_la_emailconfirmation_content_type_id_1c2e34aa_uniq" ON "email_confirm_la_emailconfirmation" ("content_type_id", "object_id", "email_field_name");
CREATE INDEX IF NOT EXISTS "email_confirm_la_emailconfirmation_0c83f57c" ON "email_confirm_la_emailconfirmation" ("email");
CREATE INDEX IF NOT EXISTS "email_confirm_la_emailconfirmation_4d81671a" ON "email_confirm_la_emailconfirmation" ("send_at");
CREATE INDEX IF NOT EXISTS "email_confirm_la_emailconfirmation_417f1b1c" ON "email_confirm_la_emailconfirmation" ("content_type_id");
CREATE INDEX IF NOT EXISTS "django_session_de54fa62" ON "django_session" ("expire_date");
CREATE INDEX IF NOT EXISTS "django_cron_cronjoblog_c1336794" ON "django_cron_cronjoblog" ("code");
CREATE INDEX IF NOT EXISTS "django_cron_cronjoblog_c4d98dbd" ON "django_cron_cronjoblog" ("start_time");
CREATE INDEX IF NOT EXISTS "django_cron_cronjoblog_305d2889" ON "django_cron_cronjoblog" ("end_time");
CREATE INDEX IF NOT EXISTS "django_cron_cronjoblog_a05e4b70" ON "django_cron_cronjoblog" ("ran_at_time");
CREATE INDEX IF NOT EXISTS "django_cron_cronjoblog_code_84da9606_idx" ON "django_cron_cronjoblog" ("code", "is_success", "ran_at_time");
CREATE INDEX IF NOT EXISTS "django_cron_cronjoblog_code_8b50b8fa_idx" ON "django_cron_cronjoblog" ("code", "start_time", "ran_at_time");
CREATE INDEX IF NOT EXISTS "django_cron_cronjoblog_code_4fc78f9d_idx" ON "django_cron_cronjoblog" ("code", "start_time");
CREATE TABLE "auth_user" ("id" integer NOT NULL PRIMARY KEY AUTOINCREMENT, "password" varchar(128) NOT NULL, "last_login" datetime NULL, "is_superuser" bool NOT NULL, "first_name" varchar(30) NOT NULL, "last_name" varchar(30) NOT NULL, "email" varchar(254) NOT NULL, "is_staff" bool NOT NULL, "is_active" bool NOT NULL, "date_joined" datetime NOT NULL, "username" varchar(150) NOT NULL UNIQUE);
INSERT INTO "auth_user" VALUES(1,'pbkdf2_sha256$30000$jzyqIvs4smWF$tYe2xID8ID33TDhHRD08hBaWBGmr3tkiWFOuQm9ryD4=','2017-03-11 11:19:10.847189',1,'','','hnhn789@yahoo.com',1,1,'2017-03-09 09:04:43.472606','hanson');
CREATE UNIQUE INDEX "auth_group_permissions_group_id_0cd325b0_uniq" ON "auth_group_permissions" ("group_id", "permission_id");
CREATE INDEX IF NOT EXISTS "auth_group_permissions_0e939a4f" ON "auth_group_permissions" ("group_id");
CREATE INDEX IF NOT EXISTS "auth_group_permissions_8373b171" ON "auth_group_permissions" ("permission_id");
CREATE UNIQUE INDEX "auth_user_groups_user_id_94350c0c_uniq" ON "auth_user_groups" ("user_id", "group_id");
CREATE INDEX IF NOT EXISTS "auth_user_groups_e8701ad4" ON "auth_user_groups" ("user_id");
CREATE INDEX IF NOT EXISTS "auth_user_groups_0e939a4f" ON "auth_user_groups" ("group_id");
CREATE UNIQUE INDEX "auth_user_user_permissions_user_id_14a6b632_uniq" ON "auth_user_user_permissions" ("user_id", "permission_id");
CREATE INDEX IF NOT EXISTS "auth_user_user_permissions_e8701ad4" ON "auth_user_user_permissions" ("user_id");
CREATE INDEX IF NOT EXISTS "auth_user_user_permissions_8373b171" ON "auth_user_user_permissions" ("permission_id");
CREATE INDEX IF NOT EXISTS "NewUser_boughtitems_e8701ad4" ON "NewUser_boughtitems" ("user_id");
CREATE INDEX IF NOT EXISTS "NewUser_boughtrecord_e8701ad4" ON "NewUser_boughtrecord" ("user_id");
CREATE INDEX IF NOT EXISTS "NewUser_qrcoderecord_e8701ad4" ON "NewUser_qrcoderecord" ("user_id");
CREATE INDEX IF NOT EXISTS "NewUser_qrcodestatus_e8701ad4" ON "NewUser_qrcodestatus" ("user_id");
CREATE INDEX IF NOT EXISTS "accounts_userprofile_e8701ad4" ON "accounts_userprofile" ("user_id");
CREATE INDEX IF NOT EXISTS "django_admin_log_417f1b1c" ON "django_admin_log" ("content_type_id");
CREATE INDEX IF NOT EXISTS "django_admin_log_e8701ad4" ON "django_admin_log" ("user_id");
CREATE UNIQUE INDEX "django_content_type_app_label_76bd3d3b_uniq" ON "django_content_type" ("app_label", "model");
CREATE UNIQUE INDEX "auth_permission_content_type_id_01ab375a_uniq" ON "auth_permission" ("content_type_id", "codename");
CREATE INDEX IF NOT EXISTS "auth_permission_417f1b1c" ON "auth_permission" ("content_type_id");
CREATE UNIQUE INDEX "email_confirm_la_emailconfirmation_content_type_id_1c2e34aa_uniq" ON "email_confirm_la_emailconfirmation" ("content_type_id", "object_id", "email_field_name");
CREATE INDEX IF NOT EXISTS "email_confirm_la_emailconfirmation_0c83f57c" ON "email_confirm_la_emailconfirmation" ("email");
CREATE INDEX IF NOT EXISTS "email_confirm_la_emailconfirmation_4d81671a" ON "email_confirm_la_emailconfirmation" ("send_at");
CREATE INDEX IF NOT EXISTS "email_confirm_la_emailconfirmation_417f1b1c" ON "email_confirm_la_emailconfirmation" ("content_type_id");
CREATE INDEX IF NOT EXISTS "django_session_de54fa62" ON "django_session" ("expire_date");
CREATE INDEX IF NOT EXISTS "django_cron_cronjoblog_c1336794" ON "django_cron_cronjoblog" ("code");
CREATE INDEX IF NOT EXISTS "django_cron_cronjoblog_c4d98dbd" ON "django_cron_cronjoblog" ("start_time");
CREATE INDEX IF NOT EXISTS "django_cron_cronjoblog_305d2889" ON "django_cron_cronjoblog" ("end_time");
CREATE INDEX IF NOT EXISTS "django_cron_cronjoblog_a05e4b70" ON "django_cron_cronjoblog" ("ran_at_time");
CREATE INDEX IF NOT EXISTS "django_cron_cronjoblog_code_84da9606_idx" ON "django_cron_cronjoblog" ("code", "is_success", "ran_at_time");
CREATE INDEX IF NOT EXISTS "django_cron_cronjoblog_code_8b50b8fa_idx" ON "django_cron_cronjoblog" ("code", "start_time", "ran_at_time");
CREATE INDEX IF NOT EXISTS "django_cron_cronjoblog_code_4fc78f9d_idx" ON "django_cron_cronjoblog" ("code", "start_time");
CREATE TABLE "auth_user_groups" ("id" integer NOT NULL PRIMARY KEY AUTOINCREMENT, "user_id" integer NOT NULL REFERENCES "auth_user" ("id"), "group_id" integer NOT NULL REFERENCES "auth_group" ("id"));
CREATE UNIQUE INDEX "auth_group_permissions_group_id_0cd325b0_uniq" ON "auth_group_permissions" ("group_id", "permission_id");
CREATE INDEX IF NOT EXISTS "auth_group_permissions_0e939a4f" ON "auth_group_permissions" ("group_id");
CREATE INDEX IF NOT EXISTS "auth_group_permissions_8373b171" ON "auth_group_permissions" ("permission_id");
CREATE UNIQUE INDEX "auth_user_groups_user_id_94350c0c_uniq" ON "auth_user_groups" ("user_id", "group_id");
CREATE INDEX IF NOT EXISTS "auth_user_groups_e8701ad4" ON "auth_user_groups" ("user_id");
CREATE INDEX IF NOT EXISTS "auth_user_groups_0e939a4f" ON "auth_user_groups" ("group_id");
CREATE UNIQUE INDEX "auth_user_user_permissions_user_id_14a6b632_uniq" ON "auth_user_user_permissions" ("user_id", "permission_id");
CREATE INDEX IF NOT EXISTS "auth_user_user_permissions_e8701ad4" ON "auth_user_user_permissions" ("user_id");
CREATE INDEX IF NOT EXISTS "auth_user_user_permissions_8373b171" ON "auth_user_user_permissions" ("permission_id");
CREATE INDEX IF NOT EXISTS "NewUser_boughtitems_e8701ad4" ON "NewUser_boughtitems" ("user_id");
CREATE INDEX IF NOT EXISTS "NewUser_boughtrecord_e8701ad4" ON "NewUser_boughtrecord" ("user_id");
CREATE INDEX IF NOT EXISTS "NewUser_qrcoderecord_e8701ad4" ON "NewUser_qrcoderecord" ("user_id");
CREATE INDEX IF NOT EXISTS "NewUser_qrcodestatus_e8701ad4" ON "NewUser_qrcodestatus" ("user_id");
CREATE INDEX IF NOT EXISTS "accounts_userprofile_e8701ad4" ON "accounts_userprofile" ("user_id");
CREATE INDEX IF NOT EXISTS "django_admin_log_417f1b1c" ON "django_admin_log" ("content_type_id");
CREATE INDEX IF NOT EXISTS "django_admin_log_e8701ad4" ON "django_admin_log" ("user_id");
CREATE UNIQUE INDEX "django_content_type_app_label_76bd3d3b_uniq" ON "django_content_type" ("app_label", "model");
CREATE UNIQUE INDEX "auth_permission_content_type_id_01ab375a_uniq" ON "auth_permission" ("content_type_id", "codename");
CREATE INDEX IF NOT EXISTS "auth_permission_417f1b1c" ON "auth_permission" ("content_type_id");
CREATE UNIQUE INDEX "email_confirm_la_emailconfirmation_content_type_id_1c2e34aa_uniq" ON "email_confirm_la_emailconfirmation" ("content_type_id", "object_id", "email_field_name");
CREATE INDEX IF NOT EXISTS "email_confirm_la_emailconfirmation_0c83f57c" ON "email_confirm_la_emailconfirmation" ("email");
CREATE INDEX IF NOT EXISTS "email_confirm_la_emailconfirmation_4d81671a" ON "email_confirm_la_emailconfirmation" ("send_at");
CREATE INDEX IF NOT EXISTS "email_confirm_la_emailconfirmation_417f1b1c" ON "email_confirm_la_emailconfirmation" ("content_type_id");
CREATE INDEX IF NOT EXISTS "django_session_de54fa62" ON "django_session" ("expire_date");
CREATE INDEX IF NOT EXISTS "django_cron_cronjoblog_c1336794" ON "django_cron_cronjoblog" ("code");
CREATE INDEX IF NOT EXISTS "django_cron_cronjoblog_c4d98dbd" ON "django_cron_cronjoblog" ("start_time");
CREATE INDEX IF NOT EXISTS "django_cron_cronjoblog_305d2889" ON "django_cron_cronjoblog" ("end_time");
CREATE INDEX IF NOT EXISTS "django_cron_cronjoblog_a05e4b70" ON "django_cron_cronjoblog" ("ran_at_time");
CREATE INDEX IF NOT EXISTS "django_cron_cronjoblog_code_84da9606_idx" ON "django_cron_cronjoblog" ("code", "is_success", "ran_at_time");
CREATE INDEX IF NOT EXISTS "django_cron_cronjoblog_code_8b50b8fa_idx" ON "django_cron_cronjoblog" ("code", "start_time", "ran_at_time");
CREATE INDEX IF NOT EXISTS "django_cron_cronjoblog_code_4fc78f9d_idx" ON "django_cron_cronjoblog" ("code", "start_time");
CREATE TABLE "auth_user_user_permissions" ("id" integer NOT NULL PRIMARY KEY AUTOINCREMENT, "user_id" integer NOT NULL REFERENCES "auth_user" ("id"), "permission_id" integer NOT NULL REFERENCES "auth_permission" ("id"));
CREATE UNIQUE INDEX "auth_group_permissions_group_id_0cd325b0_uniq" ON "auth_group_permissions" ("group_id", "permission_id");
CREATE INDEX IF NOT EXISTS "auth_group_permissions_0e939a4f" ON "auth_group_permissions" ("group_id");
CREATE INDEX IF NOT EXISTS "auth_group_permissions_8373b171" ON "auth_group_permissions" ("permission_id");
CREATE UNIQUE INDEX "auth_user_groups_user_id_94350c0c_uniq" ON "auth_user_groups" ("user_id", "group_id");
CREATE INDEX IF NOT EXISTS "auth_user_groups_e8701ad4" ON "auth_user_groups" ("user_id");
CREATE INDEX IF NOT EXISTS "auth_user_groups_0e939a4f" ON "auth_user_groups" ("group_id");
CREATE UNIQUE INDEX "auth_user_user_permissions_user_id_14a6b632_uniq" ON "auth_user_user_permissions" ("user_id", "permission_id");
CREATE INDEX IF NOT EXISTS "auth_user_user_permissions_e8701ad4" ON "auth_user_user_permissions" ("user_id");
CREATE INDEX IF NOT EXISTS "auth_user_user_permissions_8373b171" ON "auth_user_user_permissions" ("permission_id");
CREATE INDEX IF NOT EXISTS "NewUser_boughtitems_e8701ad4" ON "NewUser_boughtitems" ("user_id");
CREATE INDEX IF NOT EXISTS "NewUser_boughtrecord_e8701ad4" ON "NewUser_boughtrecord" ("user_id");
CREATE INDEX IF NOT EXISTS "NewUser_qrcoderecord_e8701ad4" ON "NewUser_qrcoderecord" ("user_id");
CREATE INDEX IF NOT EXISTS "NewUser_qrcodestatus_e8701ad4" ON "NewUser_qrcodestatus" ("user_id");
CREATE INDEX IF NOT EXISTS "accounts_userprofile_e8701ad4" ON "accounts_userprofile" ("user_id");
CREATE INDEX IF NOT EXISTS "django_admin_log_417f1b1c" ON "django_admin_log" ("content_type_id");
CREATE INDEX IF NOT EXISTS "django_admin_log_e8701ad4" ON "django_admin_log" ("user_id");
CREATE UNIQUE INDEX "django_content_type_app_label_76bd3d3b_uniq" ON "django_content_type" ("app_label", "model");
CREATE UNIQUE INDEX "auth_permission_content_type_id_01ab375a_uniq" ON "auth_permission" ("content_type_id", "codename");
CREATE INDEX IF NOT EXISTS "auth_permission_417f1b1c" ON "auth_permission" ("content_type_id");
CREATE UNIQUE INDEX "email_confirm_la_emailconfirmation_content_type_id_1c2e34aa_uniq" ON "email_confirm_la_emailconfirmation" ("content_type_id", "object_id", "email_field_name");
CREATE INDEX IF NOT EXISTS "email_confirm_la_emailconfirmation_0c83f57c" ON "email_confirm_la_emailconfirmation" ("email");
CREATE INDEX IF NOT EXISTS "email_confirm_la_emailconfirmation_4d81671a" ON "email_confirm_la_emailconfirmation" ("send_at");
CREATE INDEX IF NOT EXISTS "email_confirm_la_emailconfirmation_417f1b1c" ON "email_confirm_la_emailconfirmation" ("content_type_id");
CREATE INDEX IF NOT EXISTS "django_session_de54fa62" ON "django_session" ("expire_date");
CREATE INDEX IF NOT EXISTS "django_cron_cronjoblog_c1336794" ON "django_cron_cronjoblog" ("code");
CREATE INDEX IF NOT EXISTS "django_cron_cronjoblog_c4d98dbd" ON "django_cron_cronjoblog" ("start_time");
CREATE INDEX IF NOT EXISTS "django_cron_cronjoblog_305d2889" ON "django_cron_cronjoblog" ("end_time");
CREATE INDEX IF NOT EXISTS "django_cron_cronjoblog_a05e4b70" ON "django_cron_cronjoblog" ("ran_at_time");
CREATE INDEX IF NOT EXISTS "django_cron_cronjoblog_code_84da9606_idx" ON "django_cron_cronjoblog" ("code", "is_success", "ran_at_time");
CREATE INDEX IF NOT EXISTS "django_cron_cronjoblog_code_8b50b8fa_idx" ON "django_cron_cronjoblog" ("code", "start_time", "ran_at_time");
CREATE INDEX IF NOT EXISTS "django_cron_cronjoblog_code_4fc78f9d_idx" ON "django_cron_cronjoblog" ("code", "start_time");
CREATE TABLE "django_admin_log" ("id" integer NOT NULL PRIMARY KEY AUTOINCREMENT, "object_id" text NULL, "object_repr" varchar(200) NOT NULL, "action_flag" smallint unsigned NOT NULL, "change_message" text NOT NULL, "content_type_id" integer NULL REFERENCES "django_content_type" ("id"), "user_id" integer NOT NULL REFERENCES "auth_user" ("id"), "action_time" datetime NOT NULL);
INSERT INTO "django_admin_log" VALUES(1,'1','蛋糕',1,'[{"added": {}}]',2,1,'2017-03-09 09:05:07.849469');
INSERT INTO "django_admin_log" VALUES(2,'1','UserProfile object',1,'[{"added": {}}]',1,1,'2017-03-09 09:05:33.968061');
INSERT INTO "django_admin_log" VALUES(3,'2','餅乾',1,'[{"added": {}}]',2,1,'2017-03-09 09:22:52.406624');
INSERT INTO "django_admin_log" VALUES(4,'1','HiWelcomeToPhysicsNight',1,'[{"added": {}}]',3,1,'2017-03-09 09:23:39.775714');
INSERT INTO "django_admin_log" VALUES(5,'1','PhysicsNight',2,'[{"changed": {"fields": ["code_content"]}}]',3,1,'2017-03-11 07:39:36.535149');
CREATE UNIQUE INDEX "auth_group_permissions_group_id_0cd325b0_uniq" ON "auth_group_permissions" ("group_id", "permission_id");
CREATE INDEX IF NOT EXISTS "auth_group_permissions_0e939a4f" ON "auth_group_permissions" ("group_id");
CREATE INDEX IF NOT EXISTS "auth_group_permissions_8373b171" ON "auth_group_permissions" ("permission_id");
CREATE UNIQUE INDEX "auth_user_groups_user_id_94350c0c_uniq" ON "auth_user_groups" ("user_id", "group_id");
CREATE INDEX IF NOT EXISTS "auth_user_groups_e8701ad4" ON "auth_user_groups" ("user_id");
CREATE INDEX IF NOT EXISTS "auth_user_groups_0e939a4f" ON "auth_user_groups" ("group_id");
CREATE UNIQUE INDEX "auth_user_user_permissions_user_id_14a6b632_uniq" ON "auth_user_user_permissions" ("user_id", "permission_id");
CREATE INDEX IF NOT EXISTS "auth_user_user_permissions_e8701ad4" ON "auth_user_user_permissions" ("user_id");
CREATE INDEX IF NOT EXISTS "auth_user_user_permissions_8373b171" ON "auth_user_user_permissions" ("permission_id");
CREATE INDEX IF NOT EXISTS "NewUser_boughtitems_e8701ad4" ON "NewUser_boughtitems" ("user_id");
CREATE INDEX IF NOT EXISTS "NewUser_boughtrecord_e8701ad4" ON "NewUser_boughtrecord" ("user_id");
CREATE INDEX IF NOT EXISTS "NewUser_qrcoderecord_e8701ad4" ON "NewUser_qrcoderecord" ("user_id");
CREATE INDEX IF NOT EXISTS "NewUser_qrcodestatus_e8701ad4" ON "NewUser_qrcodestatus" ("user_id");
CREATE INDEX IF NOT EXISTS "accounts_userprofile_e8701ad4" ON "accounts_userprofile" ("user_id");
CREATE INDEX IF NOT EXISTS "django_admin_log_417f1b1c" ON "django_admin_log" ("content_type_id");
CREATE INDEX IF NOT EXISTS "django_admin_log_e8701ad4" ON "django_admin_log" ("user_id");
CREATE UNIQUE INDEX "django_content_type_app_label_76bd3d3b_uniq" ON "django_content_type" ("app_label", "model");
CREATE UNIQUE INDEX "auth_permission_content_type_id_01ab375a_uniq" ON "auth_permission" ("content_type_id", "codename");
CREATE INDEX IF NOT EXISTS "auth_permission_417f1b1c" ON "auth_permission" ("content_type_id");
CREATE UNIQUE INDEX "email_confirm_la_emailconfirmation_content_type_id_1c2e34aa_uniq" ON "email_confirm_la_emailconfirmation" ("content_type_id", "object_id", "email_field_name");
CREATE INDEX IF NOT EXISTS "email_confirm_la_emailconfirmation_0c83f57c" ON "email_confirm_la_emailconfirmation" ("email");
CREATE INDEX IF NOT EXISTS "email_confirm_la_emailconfirmation_4d81671a" ON "email_confirm_la_emailconfirmation" ("send_at");
CREATE INDEX IF NOT EXISTS "email_confirm_la_emailconfirmation_417f1b1c" ON "email_confirm_la_emailconfirmation" ("content_type_id");
CREATE INDEX IF NOT EXISTS "django_session_de54fa62" ON "django_session" ("expire_date");
CREATE INDEX IF NOT EXISTS "django_cron_cronjoblog_c1336794" ON "django_cron_cronjoblog" ("code");
CREATE INDEX IF NOT EXISTS "django_cron_cronjoblog_c4d98dbd" ON "django_cron_cronjoblog" ("start_time");
CREATE INDEX IF NOT EXISTS "django_cron_cronjoblog_305d2889" ON "django_cron_cronjoblog" ("end_time");
CREATE INDEX IF NOT EXISTS "django_cron_cronjoblog_a05e4b70" ON "django_cron_cronjoblog" ("ran_at_time");
CREATE INDEX IF NOT EXISTS "django_cron_cronjoblog_code_84da9606_idx" ON "django_cron_cronjoblog" ("code", "is_success", "ran_at_time");
CREATE INDEX IF NOT EXISTS "django_cron_cronjoblog_code_8b50b8fa_idx" ON "django_cron_cronjoblog" ("code", "start_time", "ran_at_time");
CREATE INDEX IF NOT EXISTS "django_cron_cronjoblog_code_4fc78f9d_idx" ON "django_cron_cronjoblog" ("code", "start_time");
CREATE TABLE "django_content_type" ("id" integer NOT NULL PRIMARY KEY AUTOINCREMENT, "app_label" varchar(100) NOT NULL, "model" varchar(100) NOT NULL);
INSERT INTO "django_content_type" VALUES(1,'accounts','userprofile');
INSERT INTO "django_content_type" VALUES(2,'NewUser','itemlist');
INSERT INTO "django_content_type" VALUES(3,'NewUser','qrcodelist');
INSERT INTO "django_content_type" VALUES(4,'NewUser','qrcodestatus');
INSERT INTO "django_content_type" VALUES(5,'NewUser','qrcoderecord');
INSERT INTO "django_content_type" VALUES(6,'NewUser','boughtitems');
INSERT INTO "django_content_type" VALUES(7,'NewUser','boughtrecord');
INSERT INTO "django_content_type" VALUES(8,'email_confirm_la','emailconfirmation');
INSERT INTO "django_content_type" VALUES(9,'admin','logentry');
INSERT INTO "django_content_type" VALUES(10,'auth','user');
INSERT INTO "django_content_type" VALUES(11,'auth','permission');
INSERT INTO "django_content_type" VALUES(12,'auth','group');
INSERT INTO "django_content_type" VALUES(13,'contenttypes','contenttype');
INSERT INTO "django_content_type" VALUES(14,'sessions','session');
INSERT INTO "django_content_type" VALUES(15,'django_cron','cronjoblog');
CREATE UNIQUE INDEX "auth_group_permissions_group_id_0cd325b0_uniq" ON "auth_group_permissions" ("group_id", "permission_id");
CREATE INDEX IF NOT EXISTS "auth_group_permissions_0e939a4f" ON "auth_group_permissions" ("group_id");
CREATE INDEX IF NOT EXISTS "auth_group_permissions_8373b171" ON "auth_group_permissions" ("permission_id");
CREATE UNIQUE INDEX "auth_user_groups_user_id_94350c0c_uniq" ON "auth_user_groups" ("user_id", "group_id");
CREATE INDEX IF NOT EXISTS "auth_user_groups_e8701ad4" ON "auth_user_groups" ("user_id");
CREATE INDEX IF NOT EXISTS "auth_user_groups_0e939a4f" ON "auth_user_groups" ("group_id");
CREATE UNIQUE INDEX "auth_user_user_permissions_user_id_14a6b632_uniq" ON "auth_user_user_permissions" ("user_id", "permission_id");
CREATE INDEX IF NOT EXISTS "auth_user_user_permissions_e8701ad4" ON "auth_user_user_permissions" ("user_id");
CREATE INDEX IF NOT EXISTS "auth_user_user_permissions_8373b171" ON "auth_user_user_permissions" ("permission_id");
CREATE INDEX IF NOT EXISTS "NewUser_boughtitems_e8701ad4" ON "NewUser_boughtitems" ("user_id");
CREATE INDEX IF NOT EXISTS "NewUser_boughtrecord_e8701ad4" ON "NewUser_boughtrecord" ("user_id");
CREATE INDEX IF NOT EXISTS "NewUser_qrcoderecord_e8701ad4" ON "NewUser_qrcoderecord" ("user_id");
CREATE INDEX IF NOT EXISTS "NewUser_qrcodestatus_e8701ad4" ON "NewUser_qrcodestatus" ("user_id");
CREATE INDEX IF NOT EXISTS "accounts_userprofile_e8701ad4" ON "accounts_userprofile" ("user_id");
CREATE INDEX IF NOT EXISTS "django_admin_log_417f1b1c" ON "django_admin_log" ("content_type_id");
CREATE INDEX IF NOT EXISTS "django_admin_log_e8701ad4" ON "django_admin_log" ("user_id");
CREATE UNIQUE INDEX "django_content_type_app_label_76bd3d3b_uniq" ON "django_content_type" ("app_label", "model");
CREATE UNIQUE INDEX "auth_permission_content_type_id_01ab375a_uniq" ON "auth_permission" ("content_type_id", "codename");
CREATE INDEX IF NOT EXISTS "auth_permission_417f1b1c" ON "auth_permission" ("content_type_id");
CREATE UNIQUE INDEX "email_confirm_la_emailconfirmation_content_type_id_1c2e34aa_uniq" ON "email_confirm_la_emailconfirmation" ("content_type_id", "object_id", "email_field_name");
CREATE INDEX IF NOT EXISTS "email_confirm_la_emailconfirmation_0c83f57c" ON "email_confirm_la_emailconfirmation" ("email");
CREATE INDEX IF NOT EXISTS "email_confirm_la_emailconfirmation_4d81671a" ON "email_confirm_la_emailconfirmation" ("send_at");
CREATE INDEX IF NOT EXISTS "email_confirm_la_emailconfirmation_417f1b1c" ON "email_confirm_la_emailconfirmation" ("content_type_id");
CREATE INDEX IF NOT EXISTS "django_session_de54fa62" ON "django_session" ("expire_date");
CREATE INDEX IF NOT EXISTS "django_cron_cronjoblog_c1336794" ON "django_cron_cronjoblog" ("code");
CREATE INDEX IF NOT EXISTS "django_cron_cronjoblog_c4d98dbd" ON "django_cron_cronjoblog" ("start_time");
CREATE INDEX IF NOT EXISTS "django_cron_cronjoblog_305d2889" ON "django_cron_cronjoblog" ("end_time");
CREATE INDEX IF NOT EXISTS "django_cron_cronjoblog_a05e4b70" ON "django_cron_cronjoblog" ("ran_at_time");
CREATE INDEX IF NOT EXISTS "django_cron_cronjoblog_code_84da9606_idx" ON "django_cron_cronjoblog" ("code", "is_success", "ran_at_time");
CREATE INDEX IF NOT EXISTS "django_cron_cronjoblog_code_8b50b8fa_idx" ON "django_cron_cronjoblog" ("code", "start_time", "ran_at_time");
CREATE INDEX IF NOT EXISTS "django_cron_cronjoblog_code_4fc78f9d_idx" ON "django_cron_cronjoblog" ("code", "start_time");
CREATE TABLE "django_cron_cronjoblog" ("id" integer NOT NULL PRIMARY KEY AUTOINCREMENT, "code" varchar(64) NOT NULL, "start_time" datetime NOT NULL, "end_time" datetime NOT NULL, "is_success" bool NOT NULL, "ran_at_time" time NULL, "message" text NOT NULL);
INSERT INTO "django_cron_cronjoblog" VALUES(1,'NewUser.Backup','2017-03-11 11:42:16.765680','2017-03-11 11:42:19.013529',1,NULL,'');
INSERT INTO "django_cron_cronjoblog" VALUES(2,'NewUser.Backup','2017-03-11 11:58:06.068848','2017-03-11 11:58:08.509157',1,NULL,'');
INSERT INTO "django_cron_cronjoblog" VALUES(3,'NewUser.Backup','2017-03-11 12:01:01.389080','2017-03-11 12:01:04.126633',1,NULL,'');
INSERT INTO "django_cron_cronjoblog" VALUES(4,'NewUser.Backup','2017-03-11 13:22:29.730611','2017-03-11 13:22:32.778621',1,NULL,'');
INSERT INTO "django_cron_cronjoblog" VALUES(5,'NewUser.Backup','2017-03-11 14:15:01.121678','2017-03-11 14:15:10.030293',1,NULL,'');
INSERT INTO "django_cron_cronjoblog" VALUES(6,'NewUser.Backup','2017-03-11 14:16:00.610656','2017-03-11 14:16:06.126564',1,NULL,'');
INSERT INTO "django_cron_cronjoblog" VALUES(7,'NewUser.Backup','2017-03-11 14:17:00.645845','2017-03-11 14:17:05.308536',1,NULL,'');
INSERT INTO "django_cron_cronjoblog" VALUES(8,'NewUser.Backup','2017-03-11 14:19:00.941521','2017-03-11 14:19:04.936042',1,NULL,'');
INSERT INTO "django_cron_cronjoblog" VALUES(9,'NewUser.Backup','2017-03-11 14:27:00.936379','2017-03-11 14:27:05.174832',1,NULL,'');
INSERT INTO "django_cron_cronjoblog" VALUES(10,'NewUser.Backup','2017-03-11 14:29:01.157628','2017-03-11 14:29:05.788978',1,NULL,'');
INSERT INTO "django_cron_cronjoblog" VALUES(11,'NewUser.Backup','2017-03-11 14:57:37.351404','2017-03-11 14:57:37.398913',0,NULL,'/PycharmProjects/MyUser_venv/lib/python3.5/site-packages/dbbackup/storage.py", line 66, in __init__
    self.storageCls = get_storage_class(self._storage_path)
  File "/Users/hanson/PycharmProjects/MyUser_venv/lib/python3.5/site-packages/django/core/files/storage.py", line 469, in get_storage_class
    return import_string(import_path or settings.DEFAULT_FILE_STORAGE)
  File "/Users/hanson/PycharmProjects/MyUser_venv/lib/python3.5/site-packages/django/utils/module_loading.py", line 27, in import_string
    six.reraise(ImportError, ImportError(msg), sys.exc_info()[2])
  File "/Users/hanson/PycharmProjects/MyUser_venv/lib/python3.5/site-packages/django/utils/six.py", line 685, in reraise
    raise value.with_traceback(tb)
  File "/Users/hanson/PycharmProjects/MyUser_venv/lib/python3.5/site-packages/django/utils/module_loading.py", line 23, in import_string
    return getattr(module, class_name)
ImportError: Module "dbbackup.storage" does not define a "filesystem_storage" attribute/class
');
INSERT INTO "django_cron_cronjoblog" VALUES(12,'NewUser.Backup','2017-03-11 14:57:58.373604','2017-03-11 14:57:58.418305',0,NULL,'/PycharmProjects/MyUser_venv/lib/python3.5/site-packages/dbbackup/storage.py", line 66, in __init__
    self.storageCls = get_storage_class(self._storage_path)
  File "/Users/hanson/PycharmProjects/MyUser_venv/lib/python3.5/site-packages/django/core/files/storage.py", line 469, in get_storage_class
    return import_string(import_path or settings.DEFAULT_FILE_STORAGE)
  File "/Users/hanson/PycharmProjects/MyUser_venv/lib/python3.5/site-packages/django/utils/module_loading.py", line 27, in import_string
    six.reraise(ImportError, ImportError(msg), sys.exc_info()[2])
  File "/Users/hanson/PycharmProjects/MyUser_venv/lib/python3.5/site-packages/django/utils/six.py", line 685, in reraise
    raise value.with_traceback(tb)
  File "/Users/hanson/PycharmProjects/MyUser_venv/lib/python3.5/site-packages/django/utils/module_loading.py", line 23, in import_string
    return getattr(module, class_name)
ImportError: Module "dbbackup.storage" does not define a "filesystem_storage" attribute/class
');
CREATE UNIQUE INDEX "auth_group_permissions_group_id_0cd325b0_uniq" ON "auth_group_permissions" ("group_id", "permission_id");
CREATE INDEX IF NOT EXISTS "auth_group_permissions_0e939a4f" ON "auth_group_permissions" ("group_id");
CREATE INDEX IF NOT EXISTS "auth_group_permissions_8373b171" ON "auth_group_permissions" ("permission_id");
CREATE UNIQUE INDEX "auth_user_groups_user_id_94350c0c_uniq" ON "auth_user_groups" ("user_id", "group_id");
CREATE INDEX IF NOT EXISTS "auth_user_groups_e8701ad4" ON "auth_user_groups" ("user_id");
CREATE INDEX IF NOT EXISTS "auth_user_groups_0e939a4f" ON "auth_user_groups" ("group_id");
CREATE UNIQUE INDEX "auth_user_user_permissions_user_id_14a6b632_uniq" ON "auth_user_user_permissions" ("user_id", "permission_id");
CREATE INDEX IF NOT EXISTS "auth_user_user_permissions_e8701ad4" ON "auth_user_user_permissions" ("user_id");
CREATE INDEX IF NOT EXISTS "auth_user_user_permissions_8373b171" ON "auth_user_user_permissions" ("permission_id");
CREATE INDEX IF NOT EXISTS "NewUser_boughtitems_e8701ad4" ON "NewUser_boughtitems" ("user_id");
CREATE INDEX IF NOT EXISTS "NewUser_boughtrecord_e8701ad4" ON "NewUser_boughtrecord" ("user_id");
CREATE INDEX IF NOT EXISTS "NewUser_qrcoderecord_e8701ad4" ON "NewUser_qrcoderecord" ("user_id");
CREATE INDEX IF NOT EXISTS "NewUser_qrcodestatus_e8701ad4" ON "NewUser_qrcodestatus" ("user_id");
CREATE INDEX IF NOT EXISTS "accounts_userprofile_e8701ad4" ON "accounts_userprofile" ("user_id");
CREATE INDEX IF NOT EXISTS "django_admin_log_417f1b1c" ON "django_admin_log" ("content_type_id");
CREATE INDEX IF NOT EXISTS "django_admin_log_e8701ad4" ON "django_admin_log" ("user_id");
CREATE UNIQUE INDEX "django_content_type_app_label_76bd3d3b_uniq" ON "django_content_type" ("app_label", "model");
CREATE UNIQUE INDEX "auth_permission_content_type_id_01ab375a_uniq" ON "auth_permission" ("content_type_id", "codename");
CREATE INDEX IF NOT EXISTS "auth_permission_417f1b1c" ON "auth_permission" ("content_type_id");
CREATE UNIQUE INDEX "email_confirm_la_emailconfirmation_content_type_id_1c2e34aa_uniq" ON "email_confirm_la_emailconfirmation" ("content_type_id", "object_id", "email_field_name");
CREATE INDEX IF NOT EXISTS "email_confirm_la_emailconfirmation_0c83f57c" ON "email_confirm_la_emailconfirmation" ("email");
CREATE INDEX IF NOT EXISTS "email_confirm_la_emailconfirmation_4d81671a" ON "email_confirm_la_emailconfirmation" ("send_at");
CREATE INDEX IF NOT EXISTS "email_confirm_la_emailconfirmation_417f1b1c" ON "email_confirm_la_emailconfirmation" ("content_type_id");
CREATE INDEX IF NOT EXISTS "django_session_de54fa62" ON "django_session" ("expire_date");
CREATE INDEX IF NOT EXISTS "django_cron_cronjoblog_c1336794" ON "django_cron_cronjoblog" ("code");
CREATE INDEX IF NOT EXISTS "django_cron_cronjoblog_c4d98dbd" ON "django_cron_cronjoblog" ("start_time");
CREATE INDEX IF NOT EXISTS "django_cron_cronjoblog_305d2889" ON "django_cron_cronjoblog" ("end_time");
CREATE INDEX IF NOT EXISTS "django_cron_cronjoblog_a05e4b70" ON "django_cron_cronjoblog" ("ran_at_time");
CREATE INDEX IF NOT EXISTS "django_cron_cronjoblog_code_84da9606_idx" ON "django_cron_cronjoblog" ("code", "is_success", "ran_at_time");
CREATE INDEX IF NOT EXISTS "django_cron_cronjoblog_code_8b50b8fa_idx" ON "django_cron_cronjoblog" ("code", "start_time", "ran_at_time");
CREATE INDEX IF NOT EXISTS "django_cron_cronjoblog_code_4fc78f9d_idx" ON "django_cron_cronjoblog" ("code", "start_time");
CREATE TABLE "django_migrations" ("id" integer NOT NULL PRIMARY KEY AUTOINCREMENT, "app" varchar(255) NOT NULL, "name" varchar(255) NOT NULL, "applied" datetime NOT NULL);
INSERT INTO "django_migrations" VALUES(1,'contenttypes','0001_initial','2017-03-09 09:04:24.818082');
INSERT INTO "django_migrations" VALUES(2,'auth','0001_initial','2017-03-09 09:04:24.835715');
INSERT INTO "django_migrations" VALUES(3,'NewUser','0001_initial','2017-03-09 09:04:24.873272');
INSERT INTO "django_migrations" VALUES(4,'accounts','0001_initial','2017-03-09 09:04:24.887708');
INSERT INTO "django_migrations" VALUES(5,'admin','0001_initial','2017-03-09 09:04:24.900699');
INSERT INTO "django_migrations" VALUES(6,'admin','0002_logentry_remove_auto_add','2017-03-09 09:04:24.915125');
INSERT INTO "django_migrations" VALUES(7,'contenttypes','0002_remove_content_type_name','2017-03-09 09:04:24.951247');
INSERT INTO "django_migrations" VALUES(8,'auth','0002_alter_permission_name_max_length','2017-03-09 09:04:24.968491');
INSERT INTO "django_migrations" VALUES(9,'auth','0003_alter_user_email_max_length','2017-03-09 09:04:24.984286');
INSERT INTO "django_migrations" VALUES(10,'auth','0004_alter_user_username_opts','2017-03-09 09:04:24.998697');
INSERT INTO "django_migrations" VALUES(11,'auth','0005_alter_user_last_login_null','2017-03-09 09:04:25.018166');
INSERT INTO "django_migrations" VALUES(12,'auth','0006_require_contenttypes_0002','2017-03-09 09:04:25.019517');
INSERT INTO "django_migrations" VALUES(13,'auth','0007_alter_validators_add_error_messages','2017-03-09 09:04:25.039798');
INSERT INTO "django_migrations" VALUES(14,'auth','0008_alter_user_username_max_length','2017-03-09 09:04:25.057492');
INSERT INTO "django_migrations" VALUES(15,'email_confirm_la','0001_initial','2017-03-09 09:04:25.088612');
INSERT INTO "django_migrations" VALUES(16,'sessions','0001_initial','2017-03-09 09:04:25.092363');
INSERT INTO "django_migrations" VALUES(17,'django_cron','0001_initial','2017-03-11 10:09:10.862673');
INSERT INTO "django_migrations" VALUES(18,'django_cron','0002_remove_max_length_from_CronJobLog_message','2017-03-11 10:09:10.869569');
CREATE UNIQUE INDEX "auth_group_permissions_group_id_0cd325b0_uniq" ON "auth_group_permissions" ("group_id", "permission_id");
CREATE INDEX IF NOT EXISTS "auth_group_permissions_0e939a4f" ON "auth_group_permissions" ("group_id");
CREATE INDEX IF NOT EXISTS "auth_group_permissions_8373b171" ON "auth_group_permissions" ("permission_id");
CREATE UNIQUE INDEX "auth_user_groups_user_id_94350c0c_uniq" ON "auth_user_groups" ("user_id", "group_id");
CREATE INDEX IF NOT EXISTS "auth_user_groups_e8701ad4" ON "auth_user_groups" ("user_id");
CREATE INDEX IF NOT EXISTS "auth_user_groups_0e939a4f" ON "auth_user_groups" ("group_id");
CREATE UNIQUE INDEX "auth_user_user_permissions_user_id_14a6b632_uniq" ON "auth_user_user_permissions" ("user_id", "permission_id");
CREATE INDEX IF NOT EXISTS "auth_user_user_permissions_e8701ad4" ON "auth_user_user_permissions" ("user_id");
CREATE INDEX IF NOT EXISTS "auth_user_user_permissions_8373b171" ON "auth_user_user_permissions" ("permission_id");
CREATE INDEX IF NOT EXISTS "NewUser_boughtitems_e8701ad4" ON "NewUser_boughtitems" ("user_id");
CREATE INDEX IF NOT EXISTS "NewUser_boughtrecord_e8701ad4" ON "NewUser_boughtrecord" ("user_id");
CREATE INDEX IF NOT EXISTS "NewUser_qrcoderecord_e8701ad4" ON "NewUser_qrcoderecord" ("user_id");
CREATE INDEX IF NOT EXISTS "NewUser_qrcodestatus_e8701ad4" ON "NewUser_qrcodestatus" ("user_id");
CREATE INDEX IF NOT EXISTS "accounts_userprofile_e8701ad4" ON "accounts_userprofile" ("user_id");
CREATE INDEX IF NOT EXISTS "django_admin_log_417f1b1c" ON "django_admin_log" ("content_type_id");
CREATE INDEX IF NOT EXISTS "django_admin_log_e8701ad4" ON "django_admin_log" ("user_id");
CREATE UNIQUE INDEX "django_content_type_app_label_76bd3d3b_uniq" ON "django_content_type" ("app_label", "model");
CREATE UNIQUE INDEX "auth_permission_content_type_id_01ab375a_uniq" ON "auth_permission" ("content_type_id", "codename");
CREATE INDEX IF NOT EXISTS "auth_permission_417f1b1c" ON "auth_permission" ("content_type_id");
CREATE UNIQUE INDEX "email_confirm_la_emailconfirmation_content_type_id_1c2e34aa_uniq" ON "email_confirm_la_emailconfirmation" ("content_type_id", "object_id", "email_field_name");
CREATE INDEX IF NOT EXISTS "email_confirm_la_emailconfirmation_0c83f57c" ON "email_confirm_la_emailconfirmation" ("email");
CREATE INDEX IF NOT EXISTS "email_confirm_la_emailconfirmation_4d81671a" ON "email_confirm_la_emailconfirmation" ("send_at");
CREATE INDEX IF NOT EXISTS "email_confirm_la_emailconfirmation_417f1b1c" ON "email_confirm_la_emailconfirmation" ("content_type_id");
CREATE INDEX IF NOT EXISTS "django_session_de54fa62" ON "django_session" ("expire_date");
CREATE INDEX IF NOT EXISTS "django_cron_cronjoblog_c1336794" ON "django_cron_cronjoblog" ("code");
CREATE INDEX IF NOT EXISTS "django_cron_cronjoblog_c4d98dbd" ON "django_cron_cronjoblog" ("start_time");
CREATE INDEX IF NOT EXISTS "django_cron_cronjoblog_305d2889" ON "django_cron_cronjoblog" ("end_time");
CREATE INDEX IF NOT EXISTS "django_cron_cronjoblog_a05e4b70" ON "django_cron_cronjoblog" ("ran_at_time");
CREATE INDEX IF NOT EXISTS "django_cron_cronjoblog_code_84da9606_idx" ON "django_cron_cronjoblog" ("code", "is_success", "ran_at_time");
CREATE INDEX IF NOT EXISTS "django_cron_cronjoblog_code_8b50b8fa_idx" ON "django_cron_cronjoblog" ("code", "start_time", "ran_at_time");
CREATE INDEX IF NOT EXISTS "django_cron_cronjoblog_code_4fc78f9d_idx" ON "django_cron_cronjoblog" ("code", "start_time");
CREATE TABLE "django_session" ("session_key" varchar(40) NOT NULL PRIMARY KEY, "session_data" text NOT NULL, "expire_date" datetime NOT NULL);
INSERT INTO "django_session" VALUES('23x98ebvok1brjbhvhar04cmvmp37yzo','MWU0YTA1NjBhMjEyNDQ0MzQ2YzExNWNkYzQxNWQ3YmI0NTYyZDIxNTp7Il9hdXRoX3VzZXJfaWQiOiIxIiwiX2F1dGhfdXNlcl9oYXNoIjoiYzlmOGE5NTI1MGZkZjg1ZjM3ZWE2YTMxYWYxNjUwMDkyOTI5NGNhMSIsIl9hdXRoX3VzZXJfYmFja2VuZCI6ImRqYW5nby5jb250cmliLmF1dGguYmFja2VuZHMuTW9kZWxCYWNrZW5kIn0=','2017-03-23 09:04:53.760160');
INSERT INTO "django_session" VALUES('ejilfyl52o3vu0uj6ahznca0s760333g','ZTJhNDgzNGZiNjdmNDM5MjY3NDI2MGM1ZmEyMjFiNWVhOTViZjAxODp7Il9hdXRoX3VzZXJfYmFja2VuZCI6ImRqYW5nby5jb250cmliLmF1dGguYmFja2VuZHMuTW9kZWxCYWNrZW5kIiwiX2F1dGhfdXNlcl9oYXNoIjoiYzlmOGE5NTI1MGZkZjg1ZjM3ZWE2YTMxYWYxNjUwMDkyOTI5NGNhMSIsInVzZXJuYW1lIjoiaGFuc29uIiwiX2F1dGhfdXNlcl9pZCI6IjEifQ==','2017-03-25 11:16:04.108819');
INSERT INTO "django_session" VALUES('8h1bayalvxb2bpp083qmjdq2bkpgwvkb','ZTJhNDgzNGZiNjdmNDM5MjY3NDI2MGM1ZmEyMjFiNWVhOTViZjAxODp7Il9hdXRoX3VzZXJfYmFja2VuZCI6ImRqYW5nby5jb250cmliLmF1dGguYmFja2VuZHMuTW9kZWxCYWNrZW5kIiwiX2F1dGhfdXNlcl9oYXNoIjoiYzlmOGE5NTI1MGZkZjg1ZjM3ZWE2YTMxYWYxNjUwMDkyOTI5NGNhMSIsInVzZXJuYW1lIjoiaGFuc29uIiwiX2F1dGhfdXNlcl9pZCI6IjEifQ==','2017-03-25 11:16:15.308994');
INSERT INTO "django_session" VALUES('nztsoaunmgz9al0htkpsqinftj28roby','ZTJhNDgzNGZiNjdmNDM5MjY3NDI2MGM1ZmEyMjFiNWVhOTViZjAxODp7Il9hdXRoX3VzZXJfYmFja2VuZCI6ImRqYW5nby5jb250cmliLmF1dGguYmFja2VuZHMuTW9kZWxCYWNrZW5kIiwiX2F1dGhfdXNlcl9oYXNoIjoiYzlmOGE5NTI1MGZkZjg1ZjM3ZWE2YTMxYWYxNjUwMDkyOTI5NGNhMSIsInVzZXJuYW1lIjoiaGFuc29uIiwiX2F1dGhfdXNlcl9pZCI6IjEifQ==','2017-03-25 11:16:22.790052');
INSERT INTO "django_session" VALUES('w5mh25s9ww0lbvybounw08ha4hzhly3t','ZTJhNDgzNGZiNjdmNDM5MjY3NDI2MGM1ZmEyMjFiNWVhOTViZjAxODp7Il9hdXRoX3VzZXJfYmFja2VuZCI6ImRqYW5nby5jb250cmliLmF1dGguYmFja2VuZHMuTW9kZWxCYWNrZW5kIiwiX2F1dGhfdXNlcl9oYXNoIjoiYzlmOGE5NTI1MGZkZjg1ZjM3ZWE2YTMxYWYxNjUwMDkyOTI5NGNhMSIsInVzZXJuYW1lIjoiaGFuc29uIiwiX2F1dGhfdXNlcl9pZCI6IjEifQ==','2017-03-25 11:16:41.013043');
INSERT INTO "django_session" VALUES('haii79df154lna3ot02p1y203ac454f8','ZTJhNDgzNGZiNjdmNDM5MjY3NDI2MGM1ZmEyMjFiNWVhOTViZjAxODp7Il9hdXRoX3VzZXJfYmFja2VuZCI6ImRqYW5nby5jb250cmliLmF1dGguYmFja2VuZHMuTW9kZWxCYWNrZW5kIiwiX2F1dGhfdXNlcl9oYXNoIjoiYzlmOGE5NTI1MGZkZjg1ZjM3ZWE2YTMxYWYxNjUwMDkyOTI5NGNhMSIsInVzZXJuYW1lIjoiaGFuc29uIiwiX2F1dGhfdXNlcl9pZCI6IjEifQ==','2017-03-25 11:16:49.539880');
INSERT INTO "django_session" VALUES('jsojam68shijkvvru1cetvgior2kq1ux','ZTJhNDgzNGZiNjdmNDM5MjY3NDI2MGM1ZmEyMjFiNWVhOTViZjAxODp7Il9hdXRoX3VzZXJfYmFja2VuZCI6ImRqYW5nby5jb250cmliLmF1dGguYmFja2VuZHMuTW9kZWxCYWNrZW5kIiwiX2F1dGhfdXNlcl9oYXNoIjoiYzlmOGE5NTI1MGZkZjg1ZjM3ZWE2YTMxYWYxNjUwMDkyOTI5NGNhMSIsInVzZXJuYW1lIjoiaGFuc29uIiwiX2F1dGhfdXNlcl9pZCI6IjEifQ==','2017-03-25 11:17:37.874874');
INSERT INTO "django_session" VALUES('ujjsz6574pxviz83k6gp014rx0h7a59g','ZTJhNDgzNGZiNjdmNDM5MjY3NDI2MGM1ZmEyMjFiNWVhOTViZjAxODp7Il9hdXRoX3VzZXJfYmFja2VuZCI6ImRqYW5nby5jb250cmliLmF1dGguYmFja2VuZHMuTW9kZWxCYWNrZW5kIiwiX2F1dGhfdXNlcl9oYXNoIjoiYzlmOGE5NTI1MGZkZjg1ZjM3ZWE2YTMxYWYxNjUwMDkyOTI5NGNhMSIsInVzZXJuYW1lIjoiaGFuc29uIiwiX2F1dGhfdXNlcl9pZCI6IjEifQ==','2017-03-25 11:17:43.500279');
INSERT INTO "django_session" VALUES('x735xd13n3fu9ypgmgp5cvh3cgobgwky','ZTJhNDgzNGZiNjdmNDM5MjY3NDI2MGM1ZmEyMjFiNWVhOTViZjAxODp7Il9hdXRoX3VzZXJfYmFja2VuZCI6ImRqYW5nby5jb250cmliLmF1dGguYmFja2VuZHMuTW9kZWxCYWNrZW5kIiwiX2F1dGhfdXNlcl9oYXNoIjoiYzlmOGE5NTI1MGZkZjg1ZjM3ZWE2YTMxYWYxNjUwMDkyOTI5NGNhMSIsInVzZXJuYW1lIjoiaGFuc29uIiwiX2F1dGhfdXNlcl9pZCI6IjEifQ==','2017-03-25 11:17:50.658927');
INSERT INTO "django_session" VALUES('18ly2r43zyfkgaemqf9fvafdwn5ikz82','ZTJhNDgzNGZiNjdmNDM5MjY3NDI2MGM1ZmEyMjFiNWVhOTViZjAxODp7Il9hdXRoX3VzZXJfYmFja2VuZCI6ImRqYW5nby5jb250cmliLmF1dGguYmFja2VuZHMuTW9kZWxCYWNrZW5kIiwiX2F1dGhfdXNlcl9oYXNoIjoiYzlmOGE5NTI1MGZkZjg1ZjM3ZWE2YTMxYWYxNjUwMDkyOTI5NGNhMSIsInVzZXJuYW1lIjoiaGFuc29uIiwiX2F1dGhfdXNlcl9pZCI6IjEifQ==','2017-03-25 11:18:11.317672');
INSERT INTO "django_session" VALUES('vxv3xv6otl0zaqawqzksdh5gzo059f5l','ZTJhNDgzNGZiNjdmNDM5MjY3NDI2MGM1ZmEyMjFiNWVhOTViZjAxODp7Il9hdXRoX3VzZXJfYmFja2VuZCI6ImRqYW5nby5jb250cmliLmF1dGguYmFja2VuZHMuTW9kZWxCYWNrZW5kIiwiX2F1dGhfdXNlcl9oYXNoIjoiYzlmOGE5NTI1MGZkZjg1ZjM3ZWE2YTMxYWYxNjUwMDkyOTI5NGNhMSIsInVzZXJuYW1lIjoiaGFuc29uIiwiX2F1dGhfdXNlcl9pZCI6IjEifQ==','2017-03-25 11:18:22.067593');
INSERT INTO "django_session" VALUES('vdif47isesydjeycs6t9k0ka98ngaz8b','ZTJhNDgzNGZiNjdmNDM5MjY3NDI2MGM1ZmEyMjFiNWVhOTViZjAxODp7Il9hdXRoX3VzZXJfYmFja2VuZCI6ImRqYW5nby5jb250cmliLmF1dGguYmFja2VuZHMuTW9kZWxCYWNrZW5kIiwiX2F1dGhfdXNlcl9oYXNoIjoiYzlmOGE5NTI1MGZkZjg1ZjM3ZWE2YTMxYWYxNjUwMDkyOTI5NGNhMSIsInVzZXJuYW1lIjoiaGFuc29uIiwiX2F1dGhfdXNlcl9pZCI6IjEifQ==','2017-03-25 11:18:34.841012');
INSERT INTO "django_session" VALUES('5bxxwx36auo3xvc685ztfr40ex37pz8m','ZTJhNDgzNGZiNjdmNDM5MjY3NDI2MGM1ZmEyMjFiNWVhOTViZjAxODp7Il9hdXRoX3VzZXJfYmFja2VuZCI6ImRqYW5nby5jb250cmliLmF1dGguYmFja2VuZHMuTW9kZWxCYWNrZW5kIiwiX2F1dGhfdXNlcl9oYXNoIjoiYzlmOGE5NTI1MGZkZjg1ZjM3ZWE2YTMxYWYxNjUwMDkyOTI5NGNhMSIsInVzZXJuYW1lIjoiaGFuc29uIiwiX2F1dGhfdXNlcl9pZCI6IjEifQ==','2017-03-25 11:18:42.498686');
INSERT INTO "django_session" VALUES('6whgyfhkv0qabfrby6yz6n0v4f5rr587','ZTJhNDgzNGZiNjdmNDM5MjY3NDI2MGM1ZmEyMjFiNWVhOTViZjAxODp7Il9hdXRoX3VzZXJfYmFja2VuZCI6ImRqYW5nby5jb250cmliLmF1dGguYmFja2VuZHMuTW9kZWxCYWNrZW5kIiwiX2F1dGhfdXNlcl9oYXNoIjoiYzlmOGE5NTI1MGZkZjg1ZjM3ZWE2YTMxYWYxNjUwMDkyOTI5NGNhMSIsInVzZXJuYW1lIjoiaGFuc29uIiwiX2F1dGhfdXNlcl9pZCI6IjEifQ==','2017-03-25 11:18:55.520243');
INSERT INTO "django_session" VALUES('e2tibnlwcwrl77rvi63e4y5j8aewppn2','ZTJhNDgzNGZiNjdmNDM5MjY3NDI2MGM1ZmEyMjFiNWVhOTViZjAxODp7Il9hdXRoX3VzZXJfYmFja2VuZCI6ImRqYW5nby5jb250cmliLmF1dGguYmFja2VuZHMuTW9kZWxCYWNrZW5kIiwiX2F1dGhfdXNlcl9oYXNoIjoiYzlmOGE5NTI1MGZkZjg1ZjM3ZWE2YTMxYWYxNjUwMDkyOTI5NGNhMSIsInVzZXJuYW1lIjoiaGFuc29uIiwiX2F1dGhfdXNlcl9pZCI6IjEifQ==','2017-03-25 11:19:01.132134');
INSERT INTO "django_session" VALUES('3c1b1rizqfhidyabltqwz0pe1oyhmile','ZTJhNDgzNGZiNjdmNDM5MjY3NDI2MGM1ZmEyMjFiNWVhOTViZjAxODp7Il9hdXRoX3VzZXJfYmFja2VuZCI6ImRqYW5nby5jb250cmliLmF1dGguYmFja2VuZHMuTW9kZWxCYWNrZW5kIiwiX2F1dGhfdXNlcl9oYXNoIjoiYzlmOGE5NTI1MGZkZjg1ZjM3ZWE2YTMxYWYxNjUwMDkyOTI5NGNhMSIsInVzZXJuYW1lIjoiaGFuc29uIiwiX2F1dGhfdXNlcl9pZCI6IjEifQ==','2017-03-25 11:19:05.975671');
INSERT INTO "django_session" VALUES('pvf2bp246nr2jbn3jagqgwcam79yzmwp','ZTJhNDgzNGZiNjdmNDM5MjY3NDI2MGM1ZmEyMjFiNWVhOTViZjAxODp7Il9hdXRoX3VzZXJfYmFja2VuZCI6ImRqYW5nby5jb250cmliLmF1dGguYmFja2VuZHMuTW9kZWxCYWNrZW5kIiwiX2F1dGhfdXNlcl9oYXNoIjoiYzlmOGE5NTI1MGZkZjg1ZjM3ZWE2YTMxYWYxNjUwMDkyOTI5NGNhMSIsInVzZXJuYW1lIjoiaGFuc29uIiwiX2F1dGhfdXNlcl9pZCI6IjEifQ==','2017-03-25 11:19:10.852481');
CREATE UNIQUE INDEX "auth_group_permissions_group_id_0cd325b0_uniq" ON "auth_group_permissions" ("group_id", "permission_id");
CREATE INDEX IF NOT EXISTS "auth_group_permissions_0e939a4f" ON "auth_group_permissions" ("group_id");
CREATE INDEX IF NOT EXISTS "auth_group_permissions_8373b171" ON "auth_group_permissions" ("permission_id");
CREATE UNIQUE INDEX "auth_user_groups_user_id_94350c0c_uniq" ON "auth_user_groups" ("user_id", "group_id");
CREATE INDEX IF NOT EXISTS "auth_user_groups_e8701ad4" ON "auth_user_groups" ("user_id");
CREATE INDEX IF NOT EXISTS "auth_user_groups_0e939a4f" ON "auth_user_groups" ("group_id");
CREATE UNIQUE INDEX "auth_user_user_permissions_user_id_14a6b632_uniq" ON "auth_user_user_permissions" ("user_id", "permission_id");
CREATE INDEX IF NOT EXISTS "auth_user_user_permissions_e8701ad4" ON "auth_user_user_permissions" ("user_id");
CREATE INDEX IF NOT EXISTS "auth_user_user_permissions_8373b171" ON "auth_user_user_permissions" ("permission_id");
CREATE INDEX IF NOT EXISTS "NewUser_boughtitems_e8701ad4" ON "NewUser_boughtitems" ("user_id");
CREATE INDEX IF NOT EXISTS "NewUser_boughtrecord_e8701ad4" ON "NewUser_boughtrecord" ("user_id");
CREATE INDEX IF NOT EXISTS "NewUser_qrcoderecord_e8701ad4" ON "NewUser_qrcoderecord" ("user_id");
CREATE INDEX IF NOT EXISTS "NewUser_qrcodestatus_e8701ad4" ON "NewUser_qrcodestatus" ("user_id");
CREATE INDEX IF NOT EXISTS "accounts_userprofile_e8701ad4" ON "accounts_userprofile" ("user_id");
CREATE INDEX IF NOT EXISTS "django_admin_log_417f1b1c" ON "django_admin_log" ("content_type_id");
CREATE INDEX IF NOT EXISTS "django_admin_log_e8701ad4" ON "django_admin_log" ("user_id");
CREATE UNIQUE INDEX "django_content_type_app_label_76bd3d3b_uniq" ON "django_content_type" ("app_label", "model");
CREATE UNIQUE INDEX "auth_permission_content_type_id_01ab375a_uniq" ON "auth_permission" ("content_type_id", "codename");
CREATE INDEX IF NOT EXISTS "auth_permission_417f1b1c" ON "auth_permission" ("content_type_id");
CREATE UNIQUE INDEX "email_confirm_la_emailconfirmation_content_type_id_1c2e34aa_uniq" ON "email_confirm_la_emailconfirmation" ("content_type_id", "object_id", "email_field_name");
CREATE INDEX IF NOT EXISTS "email_confirm_la_emailconfirmation_0c83f57c" ON "email_confirm_la_emailconfirmation" ("email");
CREATE INDEX IF NOT EXISTS "email_confirm_la_emailconfirmation_4d81671a" ON "email_confirm_la_emailconfirmation" ("send_at");
CREATE INDEX IF NOT EXISTS "email_confirm_la_emailconfirmation_417f1b1c" ON "email_confirm_la_emailconfirmation" ("content_type_id");
CREATE INDEX IF NOT EXISTS "django_session_de54fa62" ON "django_session" ("expire_date");
CREATE INDEX IF NOT EXISTS "django_cron_cronjoblog_c1336794" ON "django_cron_cronjoblog" ("code");
CREATE INDEX IF NOT EXISTS "django_cron_cronjoblog_c4d98dbd" ON "django_cron_cronjoblog" ("start_time");
CREATE INDEX IF NOT EXISTS "django_cron_cronjoblog_305d2889" ON "django_cron_cronjoblog" ("end_time");
CREATE INDEX IF NOT EXISTS "django_cron_cronjoblog_a05e4b70" ON "django_cron_cronjoblog" ("ran_at_time");
CREATE INDEX IF NOT EXISTS "django_cron_cronjoblog_code_84da9606_idx" ON "django_cron_cronjoblog" ("code", "is_success", "ran_at_time");
CREATE INDEX IF NOT EXISTS "django_cron_cronjoblog_code_8b50b8fa_idx" ON "django_cron_cronjoblog" ("code", "start_time", "ran_at_time");
CREATE INDEX IF NOT EXISTS "django_cron_cronjoblog_code_4fc78f9d_idx" ON "django_cron_cronjoblog" ("code", "start_time");
CREATE TABLE "email_confirm_la_emailconfirmation" ("id" integer NOT NULL PRIMARY KEY AUTOINCREMENT, "object_id" integer unsigned NOT NULL, "email_field_name" varchar(32) NOT NULL, "email" varchar(254) NOT NULL, "confirmation_key" varchar(64) NOT NULL UNIQUE, "send_at" datetime NULL, "content_type_id" integer NOT NULL REFERENCES "django_content_type" ("id"));
CREATE UNIQUE INDEX "auth_group_permissions_group_id_0cd325b0_uniq" ON "auth_group_permissions" ("group_id", "permission_id");
CREATE INDEX IF NOT EXISTS "auth_group_permissions_0e939a4f" ON "auth_group_permissions" ("group_id");
CREATE INDEX IF NOT EXISTS "auth_group_permissions_8373b171" ON "auth_group_permissions" ("permission_id");
CREATE UNIQUE INDEX "auth_user_groups_user_id_94350c0c_uniq" ON "auth_user_groups" ("user_id", "group_id");
CREATE INDEX IF NOT EXISTS "auth_user_groups_e8701ad4" ON "auth_user_groups" ("user_id");
CREATE INDEX IF NOT EXISTS "auth_user_groups_0e939a4f" ON "auth_user_groups" ("group_id");
CREATE UNIQUE INDEX "auth_user_user_permissions_user_id_14a6b632_uniq" ON "auth_user_user_permissions" ("user_id", "permission_id");
CREATE INDEX IF NOT EXISTS "auth_user_user_permissions_e8701ad4" ON "auth_user_user_permissions" ("user_id");
CREATE INDEX IF NOT EXISTS "auth_user_user_permissions_8373b171" ON "auth_user_user_permissions" ("permission_id");
CREATE INDEX IF NOT EXISTS "NewUser_boughtitems_e8701ad4" ON "NewUser_boughtitems" ("user_id");
CREATE INDEX IF NOT EXISTS "NewUser_boughtrecord_e8701ad4" ON "NewUser_boughtrecord" ("user_id");
CREATE INDEX IF NOT EXISTS "NewUser_qrcoderecord_e8701ad4" ON "NewUser_qrcoderecord" ("user_id");
CREATE INDEX IF NOT EXISTS "NewUser_qrcodestatus_e8701ad4" ON "NewUser_qrcodestatus" ("user_id");
CREATE INDEX IF NOT EXISTS "accounts_userprofile_e8701ad4" ON "accounts_userprofile" ("user_id");
CREATE INDEX IF NOT EXISTS "django_admin_log_417f1b1c" ON "django_admin_log" ("content_type_id");
CREATE INDEX IF NOT EXISTS "django_admin_log_e8701ad4" ON "django_admin_log" ("user_id");
CREATE UNIQUE INDEX "django_content_type_app_label_76bd3d3b_uniq" ON "django_content_type" ("app_label", "model");
CREATE UNIQUE INDEX "auth_permission_content_type_id_01ab375a_uniq" ON "auth_permission" ("content_type_id", "codename");
CREATE INDEX IF NOT EXISTS "auth_permission_417f1b1c" ON "auth_permission" ("content_type_id");
CREATE UNIQUE INDEX "email_confirm_la_emailconfirmation_content_type_id_1c2e34aa_uniq" ON "email_confirm_la_emailconfirmation" ("content_type_id", "object_id", "email_field_name");
CREATE INDEX IF NOT EXISTS "email_confirm_la_emailconfirmation_0c83f57c" ON "email_confirm_la_emailconfirmation" ("email");
CREATE INDEX IF NOT EXISTS "email_confirm_la_emailconfirmation_4d81671a" ON "email_confirm_la_emailconfirmation" ("send_at");
CREATE INDEX IF NOT EXISTS "email_confirm_la_emailconfirmation_417f1b1c" ON "email_confirm_la_emailconfirmation" ("content_type_id");
CREATE INDEX IF NOT EXISTS "django_session_de54fa62" ON "django_session" ("expire_date");
CREATE INDEX IF NOT EXISTS "django_cron_cronjoblog_c1336794" ON "django_cron_cronjoblog" ("code");
CREATE INDEX IF NOT EXISTS "django_cron_cronjoblog_c4d98dbd" ON "django_cron_cronjoblog" ("start_time");
CREATE INDEX IF NOT EXISTS "django_cron_cronjoblog_305d2889" ON "django_cron_cronjoblog" ("end_time");
CREATE INDEX IF NOT EXISTS "django_cron_cronjoblog_a05e4b70" ON "django_cron_cronjoblog" ("ran_at_time");
CREATE INDEX IF NOT EXISTS "django_cron_cronjoblog_code_84da9606_idx" ON "django_cron_cronjoblog" ("code", "is_success", "ran_at_time");
CREATE INDEX IF NOT EXISTS "django_cron_cronjoblog_code_8b50b8fa_idx" ON "django_cron_cronjoblog" ("code", "start_time", "ran_at_time");
CREATE INDEX IF NOT EXISTS "django_cron_cronjoblog_code_4fc78f9d_idx" ON "django_cron_cronjoblog" ("code", "start_time");
